region,start,end
Донецька,2022-02-24 01:21:00,2022-02-24 02:09:59
Чернігівська,2022-02-24 01:31:00,2022-02-24 02:18:57
Черкаська,2022-02-24 04:00:00,2022-02-24 04:46:44
Київська,2022-02-24 04:11:00,2022-02-24 04:53:43
Дніпропетровська,2022-02-24 04:30:00,2022-02-24 05:02:04
Чернівецька,2022-02-24 04:32:00,2022-02-24 04:54:49
Київська,2022-02-24 04:49:00,2022-02-24 05:06:57
Луганська,2022-02-24 04:58:00,2022-02-24 06:40:37
Івано-Франківська,2022-02-24 06:45:00,2022-02-24 07:04:21
Одеська,2022-02-24 07:15:00,2022-02-24 07:22:28
Донецька,2022-02-24 07:26:00,2022-02-24 07:40:39
Херсонська,2022-02-24 08:43:00,2022-02-24 09:26:37
Херсонська,2022-02-24 08:44:00,2022-02-24 09:17:07
Донецька,2022-02-24 09:12:00,2022-02-24 09:56:59
Харківська,2022-02-24 09:38:00,2022-02-24 10:02:09
Харківська,2022-02-24 09:47:00,2022-02-24 10:55:33
Хмельницька,2022-02-24 12:18:00,2022-02-24 12:52:00
Житомирська,2022-02-24 12:33:00,2022-02-24 13:06:13
Тернопільська,2022-02-24 13:41:00,2022-02-24 13:55:41
Сумська,2022-02-24 14:03:00,2022-02-24 14:24:36
Запорізька,2022-02-24 14:18:00,2022-02-24 14:54:33
Житомирська,2022-02-24 17:30:00,2022-02-24 18:20:53
Львівська,2022-02-24 17:52:00,2022-02-24 18:50:11
Чернігівська,2022-02-24 17:58:00,2022-02-24 18:42:40
Донецька,2022-02-24 18:25:00,2022-02-24 18:48:32
Харківська,2022-02-24 18:43:00,2022-02-24 19:23:02
Вінницька,2022-02-24 19:17:00,2022-02-24 19:34:14
Житомирська,2022-02-24 19:42:00,2022-02-24 20:49:20
Луганська,2022-02-24 20:01:00,2022-02-24 21:52:04
Запорізька,2022-02-24 20:06:00,2022-02-24 20:23:29
Івано-Франківська,2022-02-24 21:05:00,2022-02-24 21:30:13
Вінницька,2022-02-24 22:11:00,2022-02-24 22:17:44
Харківська,2022-02-24 22:46:00,2022-02-25 00:05:32
Закарпатська,2022-02-24 22:53:00,2022-02-24 23:29:02
Сумська,2022-02-24 23:35:00,2022-02-25 00:37:44
Миколаївська,2022-02-24 23:58:00,2022-02-25 00:24:42
Одеська,2022-02-25 01:13:00,2022-02-25 01:34:45
Чернігівська,2022-02-25 02:50:00,2022-02-25 03:21:51
Чернігівська,2022-02-25 03:32:00,2022-02-25 04:06:52
Запорізька,2022-02-25 04:35:00,2022-02-25 05:07:22
Донецька,2022-02-25 05:17:00,2022-02-25 06:06:52
Київська,2022-02-25 06:06:00,2022-02-25 06:25:30
Чернігівська,2022-02-25 06:30:00,2022-02-25 06:51:10
Полтавська,2022-02-25 06:34:00,2022-02-25 07:55:53
Луганська,2022-02-25 06:39:00,2022-02-25 07:43:22
Харківська,2022-02-25 07:04:00,2022-02-25 07:40:51
Луганська,2022-02-25 07:31:00,2022-02-25 08:01:17
Луганська,2022-02-25 09:35:00,2022-02-25 11:15:29
Луганська,2022-02-25 10:17:00,2022-02-25 10:43:10
Сумська,2022-02-25 10:19:00,2022-02-25 11:54:26
Харківська,2022-02-25 10:29:00,2022-02-25 11:20:48
Тернопільська,2022-02-25 10:42:00,2022-02-25 11:12:17
Донецька,2022-02-25 12:59:00,2022-02-25 14:03:46
Черкаська,2022-02-25 13:55:00,2022-02-25 15:05:31
Чернігівська,2022-02-25 15:03:00,2022-02-25 16:06:58
Одеська,2022-02-25 16:35:00,2022-02-25 18:36:57
Донецька,2022-02-25 16:44:00,2022-02-25 17:10:21
Херсонська,2022-02-25 17:54:00,2022-02-25 18:50:39
Луганська,2022-02-25 18:05:00,2022-02-25 18:47:52
Одеська,2022-02-25 19:12:00,2022-02-25 19:41:15
Миколаївська,2022-02-25 19:15:00,2022-02-25 19:54:33
Харківська,2022-02-25 19:58:00,2022-02-25 20:30:44
Запорізька,2022-02-25 21:09:00,2022-02-25 21:53:26
Рівненська,2022-02-25 22:46:00,2022-02-26 00:22:01
Херсонська,2022-02-25 23:56:00,2022-02-26 00:26:56
Харківська,2022-02-26 00:47:00,2022-02-26 01:46:04
Донецька,2022-02-26 01:03:00,2022-02-26 01:25:41
Луганська,2022-02-26 01:35:00,2022-02-26 03:11:30
Київська,2022-02-26 02:03:00,2022-02-26 02:59:41
Херсонська,2022-02-26 03:01:00,2022-02-26 04:18:12
Харківська,2022-02-26 03:17:00,2022-02-26 04:17:47
Донецька,2022-02-26 04:10:00,2022-02-26 05:49:23
Херсонська,2022-02-26 06:38:00,2022-02-26 07:25:43
Полтавська,2022-02-26 07:24:00,2022-02-26 08:04:34
Луганська,2022-02-26 08:06:00,2022-02-26 08:33:49
Івано-Франківська,2022-02-26 08:38:00,2022-02-26 09:18:16
Миколаївська,2022-02-26 08:40:00,2022-02-26 09:33:57
Харківська,2022-02-26 08:53:00,2022-02-26 10:01:13
Хмельницька,2022-02-26 09:21:00,2022-02-26 11:07:37
Львівська,2022-02-26 09:55:00,2022-02-26 10:29:40
Харківська,2022-02-26 10:02:00,2022-02-26 10:26:39
Миколаївська,2022-02-26 11:20:00,2022-02-26 12:39:10
Одеська,2022-02-26 11:48:00,2022-02-26 12:18:28
Одеська,2022-02-26 12:02:00,2022-02-26 12:21:41
Миколаївська,2022-02-26 12:06:00,2022-02-26 12:29:48
Чернігівська,2022-02-26 12:47:00,2022-02-26 13:10:19
Донецька,2022-02-26 12:56:00,2022-02-26 14:07:36
Чернігівська,2022-02-26 14:55:00,2022-02-26 15:27:52
Донецька,2022-02-26 16:33:00,2022-02-26 17:04:20
Харківська,2022-02-26 16:56:00,2022-02-26 17:52:01
Донецька,2022-02-26 17:19:00,2022-02-26 17:50:08
Житомирська,2022-02-26 18:06:00,2022-02-26 19:38:04
Херсонська,2022-02-26 18:10:00,2022-02-26 18:38:50
Чернівецька,2022-02-26 18:49:00,2022-02-26 19:06:39
Запорізька,2022-02-26 18:54:00,2022-02-26 19:13:45
Кіровоградська,2022-02-26 19:20:00,2022-02-26 19:59:55
Херсонська,2022-02-26 19:55:00,2022-02-26 20:59:36
Херсонська,2022-02-26 20:20:00,2022-02-26 20:35:51
Харківська,2022-02-26 20:26:00,2022-02-26 21:12:29
Дніпропетровська,2022-02-26 20:30:00,2022-02-26 21:00:37
Рівненська,2022-02-26 21:35:00,2022-02-26 21:59:34
Чернігівська,2022-02-26 21:41:00,2022-02-26 22:47:22
Львівська,2022-02-26 21:56:00,2022-02-26 22:38:24
Луганська,2022-02-26 22:10:00,2022-02-26 23:07:45
Миколаївська,2022-02-26 22:32:00,2022-02-26 22:54:13
Чернівецька,2022-02-26 22:46:00,2022-02-27 00:18:30
Сумська,2022-02-26 23:09:00,2022-02-26 23:47:59
Донецька,2022-02-26 23:25:00,2022-02-26 23:49:37
Київська,2022-02-26 23:25:00,2022-02-27 00:16:57
Чернігівська,2022-02-26 23:26:00,2022-02-27 00:52:08
Львівська,2022-02-27 00:02:00,2022-02-27 00:21:16
Чернігівська,2022-02-27 00:14:00,2022-02-27 00:32:44
Миколаївська,2022-02-27 01:54:00,2022-02-27 02:20:35
Миколаївська,2022-02-27 02:09:00,2022-02-27 02:18:21
Тернопільська,2022-02-27 03:38:00,2022-02-27 04:10:42
Дніпропетровська,2022-02-27 04:54:00,2022-02-27 05:31:24
Львівська,2022-02-27 04:54:00,2022-02-27 05:19:34
Івано-Франківська,2022-02-27 05:22:00,2022-02-27 05:50:33
Кіровоградська,2022-02-27 05:34:00,2022-02-27 08:45:44
Запорізька,2022-02-27 05:44:00,2022-02-27 07:18:56
Харківська,2022-02-27 06:36:00,2022-02-27 07:06:38
Львівська,2022-02-27 07:01:00,2022-02-27 07:41:48
Донецька,2022-02-27 07:14:00,2022-02-27 08:29:54
Вінницька,2022-02-27 07:59:00,2022-02-27 09:34:57
Донецька,2022-02-27 08:12:00,2022-02-27 09:11:38
Волинська,2022-02-27 08:55:00,2022-02-27 09:38:55
Вінницька,2022-02-27 08:58:00,2022-02-27 09:25:29
Вінницька,2022-02-27 09:01:00,2022-02-27 09:28:37
Вінницька,2022-02-27 09:13:00,2022-02-27 10:02:47
Запорізька,2022-02-27 09:32:00,2022-02-27 09:53:22
Херсонська,2022-02-27 09:33:00,2022-02-27 09:48:00
Луганська,2022-02-27 11:12:00,2022-02-27 11:53:56
Одеська,2022-02-27 11:55:00,2022-02-27 12:34:26
Харківська,2022-02-27 13:45:00,2022-02-27 14:46:58
Херсонська,2022-02-27 13:47:00,2022-02-27 14:33:33
Харківська,2022-02-27 14:04:00,2022-02-27 14:48:35
Вінницька,2022-02-27 15:43:00,2022-02-27 16:20:02
Черкаська,2022-02-27 16:09:00,2022-02-27 16:42:20
Харківська,2022-02-27 16:47:00,2022-02-27 17:59:18
Запорізька,2022-02-27 17:02:00,2022-02-27 17:44:59
Кіровоградська,2022-02-27 17:16:00,2022-02-27 18:19:39
Кіровоградська,2022-02-27 17:19:00,2022-02-27 18:05:58
Сумська,2022-02-27 17:24:00,2022-02-27 21:37:35
Донецька,2022-02-27 17:26:00,2022-02-27 18:22:33
Сумська,2022-02-27 17:35:00,2022-02-27 17:54:01
Вінницька,2022-02-27 17:39:00,2022-02-27 18:33:33
Чернігівська,2022-02-27 18:20:00,2022-02-27 18:54:42
Луганська,2022-02-27 18:55:00,2022-02-27 19:05:59
Чернігівська,2022-02-27 20:02:00,2022-02-27 20:30:29
Чернігівська,2022-02-27 21:08:00,2022-02-27 21:56:30
Кіровоградська,2022-02-27 21:38:00,2022-02-27 22:38:33
Львівська,2022-02-27 21:39:00,2022-02-27 22:29:51
Одеська,2022-02-27 22:49:00,2022-02-27 23:14:33
Сумська,2022-02-28 00:05:00,2022-02-28 00:15:31
Запорізька,2022-02-28 01:51:00,2022-02-28 02:06:56
Херсонська,2022-02-28 01:52:00,2022-02-28 02:23:27
Дніпропетровська,2022-02-28 04:26:00,2022-02-28 05:19:01
Луганська,2022-02-28 04:27:00,2022-02-28 04:58:55
Луганська,2022-02-28 04:55:00,2022-02-28 05:36:45
Сумська,2022-02-28 05:07:00,2022-02-28 05:31:33
Херсонська,2022-02-28 05:20:00,2022-02-28 05:39:47
Одеська,2022-02-28 05:30:00,2022-02-28 06:22:15
Харківська,2022-02-28 06:01:00,2022-02-28 06:45:03
Сумська,2022-02-28 06:42:00,2022-02-28 06:54:58
Запорізька,2022-02-28 08:13:00,2022-02-28 08:43:52
Чернівецька,2022-02-28 08:20:00,2022-02-28 11:19:07
Рівненська,2022-02-28 08:39:00,2022-02-28 09:37:43
Рівненська,2022-02-28 09:25:00,2022-02-28 10:04:27
Миколаївська,2022-02-28 09:35:00,2022-02-28 10:14:22
Херсонська,2022-02-28 10:21:00,2022-02-28 11:01:25
Черкаська,2022-02-28 10:55:00,2022-02-28 11:30:48
Луганська,2022-02-28 11:12:00,2022-02-28 12:19:10
Київська,2022-02-28 11:23:00,2022-02-28 11:54:44
Миколаївська,2022-02-28 13:09:00,2022-02-28 13:32:44
Полтавська,2022-02-28 13:50:00,2022-02-28 14:54:28
Волинська,2022-02-28 13:54:00,2022-02-28 14:43:31
Миколаївська,2022-02-28 14:03:00,2022-02-28 14:39:14
Івано-Франківська,2022-02-28 14:46:00,2022-02-28 15:16:19
Чернігівська,2022-02-28 15:23:00,2022-02-28 15:44:14
Івано-Франківська,2022-02-28 15:26:00,2022-02-28 15:43:38
Запорізька,2022-02-28 15:38:00,2022-02-28 15:49:05
Вінницька,2022-02-28 15:46:00,2022-02-28 16:50:27
Харківська,2022-02-28 16:07:00,2022-02-28 16:51:29
Харківська,2022-02-28 16:33:00,2022-02-28 17:06:35
Рівненська,2022-02-28 17:08:00,2022-02-28 17:43:26
Закарпатська,2022-02-28 17:24:00,2022-02-28 18:20:49
Рівненська,2022-02-28 17:33:00,2022-02-28 17:42:50
Чернігівська,2022-02-28 18:00:00,2022-02-28 18:29:57
Вінницька,2022-02-28 18:02:00,2022-02-28 18:40:58
Чернігівська,2022-02-28 19:20:00,2022-02-28 20:12:13
Чернігівська,2022-02-28 19:41:00,2022-02-28 21:45:50
Дніпропетровська,2022-02-28 19:45:00,2022-02-28 20:12:13
Рівненська,2022-02-28 20:22:00,2022-02-28 21:33:34
Миколаївська,2022-02-28 22:03:00,2022-02-28 23:03:24
Івано-Франківська,2022-02-28 22:07:00,2022-02-28 22:35:15
Миколаївська,2022-02-28 23:29:00,2022-02-28 23:43:56
Луганська,2022-02-28 23:32:00,2022-02-28 23:59:11
Одеська,2022-03-01 00:47:00,2022-03-01 01:09:56
Одеська,2022-03-01 02:04:00,2022-03-01 02:36:37
Миколаївська,2022-03-01 02:06:00,2022-03-01 02:38:41
Миколаївська,2022-03-01 02:23:00,2022-03-01 02:37:33
Житомирська,2022-03-01 02:54:00,2022-03-01 03:28:13
Сумська,2022-03-01 03:05:00,2022-03-01 03:49:02
Київська,2022-03-01 03:59:00,2022-03-01 05:33:03
Полтавська,2022-03-01 06:40:00,2022-03-01 06:59:33
Херсонська,2022-03-01 06:50:00,2022-03-01 07:11:37
Дніпропетровська,2022-03-01 10:54:00,2022-03-01 11:22:18
Донецька,2022-03-01 11:01:00,2022-03-01 12:02:02
Харківська,2022-03-01 11:27:00,2022-03-01 12:20:58
Луганська,2022-03-01 11:35:00,2022-03-01 12:09:47
Волинська,2022-03-01 13:01:00,2022-03-01 14:59:26
Миколаївська,2022-03-01 13:02:00,2022-03-01 13:26:03
Чернігівська,2022-03-01 13:18:00,2022-03-01 13:52:36
Чернівецька,2022-03-01 14:26:00,2022-03-01 15:04:53
Чернігівська,2022-03-01 14:54:00,2022-03-01 15:20:22
Черкаська,2022-03-01 15:08:00,2022-03-01 15:45:34
Тернопільська,2022-03-01 15:26:00,2022-03-01 16:03:11
Полтавська,2022-03-01 15:46:00,2022-03-01 16:57:53
Житомирська,2022-03-01 16:10:00,2022-03-01 16:41:52
Хмельницька,2022-03-01 16:28:00,2022-03-01 16:53:17
Миколаївська,2022-03-01 18:35:00,2022-03-01 19:53:43
Харківська,2022-03-01 18:41:00,2022-03-01 19:11:31
Львівська,2022-03-01 19:13:00,2022-03-01 19:59:44
Чернігівська,2022-03-01 20:25:00,2022-03-01 21:16:23
Запорізька,2022-03-01 20:33:00,2022-03-01 21:55:36
Миколаївська,2022-03-01 21:16:00,2022-03-01 21:45:19
Львівська,2022-03-01 21:47:00,2022-03-01 22:00:00
Запорізька,2022-03-01 22:30:00,2022-03-01 23:14:11
Сумська,2022-03-01 22:48:00,2022-03-01 23:28:24
Запорізька,2022-03-01 23:00:00,2022-03-01 23:52:31
Запорізька,2022-03-01 23:11:00,2022-03-02 00:07:19
Чернігівська,2022-03-02 00:24:00,2022-03-02 01:01:44
Кіровоградська,2022-03-02 00:47:00,2022-03-02 01:22:32
Луганська,2022-03-02 00:56:00,2022-03-02 01:12:35
Херсонська,2022-03-02 01:28:00,2022-03-02 02:07:11
Миколаївська,2022-03-02 01:31:00,2022-03-02 02:13:58
Дніпропетровська,2022-03-02 01:35:00,2022-03-02 01:44:42
Запорізька,2022-03-02 01:42:00,2022-03-02 01:54:46
Харківська,2022-03-02 02:20:00,2022-03-02 02:42:14
Херсонська,2022-03-02 02:58:00,2022-03-02 04:04:10
Чернігівська,2022-03-02 03:34:00,2022-03-02 03:54:49
Донецька,2022-03-02 03:36:00,2022-03-02 04:12:08
Дніпропетровська,2022-03-02 03:37:00,2022-03-02 04:18:30
Миколаївська,2022-03-02 04:09:00,2022-03-02 04:37:36
Харківська,2022-03-02 05:45:00,2022-03-02 06:17:39
Донецька,2022-03-02 06:14:00,2022-03-02 06:34:24
Херсонська,2022-03-02 06:31:00,2022-03-02 07:33:02
Луганська,2022-03-02 06:50:00,2022-03-02 08:51:43
Житомирська,2022-03-02 06:52:00,2022-03-02 07:38:20
Запорізька,2022-03-02 06:55:00,2022-03-02 07:16:58
Сумська,2022-03-02 10:11:00,2022-03-02 10:52:27
Запорізька,2022-03-02 10:43:00,2022-03-02 11:22:07
Донецька,2022-03-02 10:55:00,2022-03-02 11:47:54
Чернігівська,2022-03-02 11:17:00,2022-03-02 11:56:28
Закарпатська,2022-03-02 11:17:00,2022-03-02 12:00:31
Сумська,2022-03-02 13:20:00,2022-03-02 13:48:53
Сумська,2022-03-02 14:19:00,2022-03-02 15:33:38
Черкаська,2022-03-02 14:44:00,2022-03-02 15:40:42
Сумська,2022-03-02 14:46:00,2022-03-02 15:28:24
Закарпатська,2022-03-02 14:57:00,2022-03-02 15:21:55
Хмельницька,2022-03-02 15:23:00,2022-03-02 16:02:20
Хмельницька,2022-03-02 15:28:00,2022-03-02 15:56:28
Донецька,2022-03-02 17:19:00,2022-03-02 18:56:11
Одеська,2022-03-02 17:27:00,2022-03-02 18:11:17
Луганська,2022-03-02 17:31:00,2022-03-02 17:56:37
Рівненська,2022-03-02 18:08:00,2022-03-02 18:53:51
Миколаївська,2022-03-02 18:22:00,2022-03-02 20:04:30
Сумська,2022-03-02 18:39:00,2022-03-02 19:19:25
Чернігівська,2022-03-02 18:48:00,2022-03-02 19:31:20
Одеська,2022-03-02 18:52:00,2022-03-02 19:30:02
Харківська,2022-03-02 18:58:00,2022-03-02 19:21:05
Луганська,2022-03-02 19:13:00,2022-03-02 20:04:32
Вінницька,2022-03-02 19:36:00,2022-03-02 20:07:47
Сумська,2022-03-02 20:11:00,2022-03-02 20:41:14
Чернігівська,2022-03-02 20:35:00,2022-03-02 20:47:01
Чернігівська,2022-03-02 20:54:00,2022-03-02 22:18:31
Харківська,2022-03-02 21:07:00,2022-03-02 21:30:29
Тернопільська,2022-03-02 21:20:00,2022-03-02 21:58:52
Полтавська,2022-03-02 21:52:00,2022-03-02 22:19:46
Сумська,2022-03-02 22:39:00,2022-03-02 23:19:56
Одеська,2022-03-02 23:57:00,2022-03-03 00:22:13
Донецька,2022-03-03 00:02:00,2022-03-03 00:17:18
Сумська,2022-03-03 01:44:00,2022-03-03 02:53:54
Луганська,2022-03-03 02:30:00,2022-03-03 03:17:33
Луганська,2022-03-03 04:12:00,2022-03-03 04:25:06
Одеська,2022-03-03 04:29:00,2022-03-03 04:49:57
Херсонська,2022-03-03 07:17:00,2022-03-03 08:26:33
Полтавська,2022-03-03 07:18:00,2022-03-03 07:34:22
Харківська,2022-03-03 10:42:00,2022-03-03 11:34:29
Запорізька,2022-03-03 10:58:00,2022-03-03 11:22:05
Луганська,2022-03-03 12:55:00,2022-03-03 13:32:33
Сумська,2022-03-03 13:14:00,2022-03-03 14:00:16
Вінницька,2022-03-03 13:29:00,2022-03-03 13:58:18
Чернігівська,2022-03-03 13:36:00,2022-03-03 14:18:57
Дніпропетровська,2022-03-03 14:15:00,2022-03-03 14:31:29
Дніпропетровська,2022-03-03 15:15:00,2022-03-03 19:23:12
Херсонська,2022-03-03 16:35:00,2022-03-03 16:48:40
Вінницька,2022-03-03 17:11:00,2022-03-03 17:46:09
Черкаська,2022-03-03 17:21:00,2022-03-03 17:45:10
Черкаська,2022-03-03 17:29:00,2022-03-03 18:53:44
Рівненська,2022-03-03 18:20:00,2022-03-03 18:33:11
Херсонська,2022-03-03 18:44:00,2022-03-03 19:24:22
Чернігівська,2022-03-03 18:54:00,2022-03-03 19:49:27
Миколаївська,2022-03-03 19:48:00,2022-03-03 20:10:25
Миколаївська,2022-03-03 20:22:00,2022-03-03 21:05:00
Одеська,2022-03-03 20:33:00,2022-03-03 21:00:49
Чернігівська,2022-03-03 22:36:00,2022-03-03 22:51:26
Житомирська,2022-03-03 22:52:00,2022-03-03 22:58:10
Чернігівська,2022-03-03 23:42:00,2022-03-04 00:14:57
Житомирська,2022-03-04 01:13:00,2022-03-04 02:28:19
Херсонська,2022-03-04 01:14:00,2022-03-04 01:55:12
Львівська,2022-03-04 01:23:00,2022-03-04 02:08:36
Харківська,2022-03-04 02:45:00,2022-03-04 03:31:09
Чернігівська,2022-03-04 03:25:00,2022-03-04 03:56:24
Харківська,2022-03-04 03:40:00,2022-03-04 03:59:49
Харківська,2022-03-04 04:06:00,2022-03-04 04:29:11
Волинська,2022-03-04 05:19:00,2022-03-04 05:50:02
Житомирська,2022-03-04 05:30:00,2022-03-04 10:02:34
Запорізька,2022-03-04 05:35:00,2022-03-04 05:53:49
Запорізька,2022-03-04 05:37:00,2022-03-04 05:56:21
Кіровоградська,2022-03-04 07:07:00,2022-03-04 07:32:29
Київська,2022-03-04 07:13:00,2022-03-04 08:11:56
Луганська,2022-03-04 09:21:00,2022-03-04 09:50:29
Сумська,2022-03-04 10:49:00,2022-03-04 11:14:51
Харківська,2022-03-04 11:24:00,2022-03-04 12:30:45
Чернігівська,2022-03-04 12:59:00,2022-03-04 14:17:32
Харківська,2022-03-04 14:12:00,2022-03-04 14:47:02
Київська,2022-03-04 14:31:00,2022-03-04 14:48:19
Житомирська,2022-03-04 14:39:00,2022-03-04 15:44:15
Донецька,2022-03-04 15:27:00,2022-03-04 15:59:21
Луганська,2022-03-04 16:56:00,2022-03-04 17:21:03
Волинська,2022-03-04 17:20:00,2022-03-04 18:02:16
Вінницька,2022-03-04 18:20:00,2022-03-04 19:14:33
Сумська,2022-03-04 18:35:00,2022-03-04 20:09:54
Донецька,2022-03-04 19:08:00,2022-03-04 20:07:22
Львівська,2022-03-04 19:19:00,2022-03-04 19:35:58
Кіровоградська,2022-03-04 19:35:00,2022-03-04 20:06:26
Одеська,2022-03-04 19:45:00,2022-03-04 20:01:26
Донецька,2022-03-04 20:09:00,2022-03-04 20:49:43
Сумська,2022-03-04 20:38:00,2022-03-04 20:45:49
Рівненська,2022-03-04 20:51:00,2022-03-04 21:19:54
Миколаївська,2022-03-04 21:48:00,2022-03-04 22:44:58
Донецька,2022-03-04 22:33:00,2022-03-05 00:51:16
Луганська,2022-03-04 23:02:00,2022-03-05 01:43:43
Донецька,2022-03-04 23:27:00,2022-03-05 00:46:58
Запорізька,2022-03-04 23:32:00,2022-03-04 23:45:42
Львівська,2022-03-04 23:36:00,2022-03-05 00:21:59
Сумська,2022-03-04 23:39:00,2022-03-05 01:01:00
Херсонська,2022-03-05 00:11:00,2022-03-05 00:32:33
Донецька,2022-03-05 00:19:00,2022-03-05 00:32:52
Донецька,2022-03-05 00:42:00,2022-03-05 01:00:46
Херсонська,2022-03-05 01:07:00,2022-03-05 01:42:28
Київська,2022-03-05 02:50:00,2022-03-05 03:05:32
Миколаївська,2022-03-05 03:01:00,2022-03-05 03:27:31
Київська,2022-03-05 04:27:00,2022-03-05 04:48:39
Волинська,2022-03-05 04:39:00,2022-03-05 05:07:41
Київська,2022-03-05 05:04:00,2022-03-05 05:39:12
Миколаївська,2022-03-05 05:07:00,2022-03-05 05:25:23
Миколаївська,2022-03-05 05:13:00,2022-03-05 05:44:03
Чернігівська,2022-03-05 05:42:00,2022-03-05 06:28:36
Запорізька,2022-03-05 06:01:00,2022-03-05 06:47:01
Чернівецька,2022-03-05 06:19:00,2022-03-05 06:43:33
Чернігівська,2022-03-05 06:35:00,2022-03-05 07:10:16
Чернігівська,2022-03-05 06:53:00,2022-03-05 07:10:39
Чернівецька,2022-03-05 07:23:00,2022-03-05 08:48:28
Київська,2022-03-05 07:56:00,2022-03-05 10:49:01
Миколаївська,2022-03-05 08:52:00,2022-03-05 09:04:48
Чернівецька,2022-03-05 08:56:00,2022-03-05 10:26:14
Харківська,2022-03-05 11:28:00,2022-03-05 12:34:52
Харківська,2022-03-05 11:46:00,2022-03-05 15:38:22
Одеська,2022-03-05 12:12:00,2022-03-05 12:49:36
Чернігівська,2022-03-05 13:32:00,2022-03-05 13:49:19
Київська,2022-03-05 13:51:00,2022-03-05 14:09:18
Миколаївська,2022-03-05 14:48:00,2022-03-05 15:28:50
Миколаївська,2022-03-05 16:56:00,2022-03-05 18:09:31
Донецька,2022-03-05 17:09:00,2022-03-05 19:03:08
Чернівецька,2022-03-05 17:25:00,2022-03-05 17:34:26
Запорізька,2022-03-05 18:09:00,2022-03-05 18:55:51
Чернівецька,2022-03-05 18:13:00,2022-03-05 18:27:21
Сумська,2022-03-05 18:15:00,2022-03-05 18:52:21
Сумська,2022-03-05 18:17:00,2022-03-05 20:02:38
Львівська,2022-03-05 19:20:00,2022-03-05 20:50:59
Волинська,2022-03-05 20:55:00,2022-03-05 21:21:35
Волинська,2022-03-05 21:54:00,2022-03-05 23:08:23
Харківська,2022-03-05 22:09:00,2022-03-05 22:20:15
Миколаївська,2022-03-05 22:39:00,2022-03-05 23:10:36
Одеська,2022-03-05 22:40:00,2022-03-05 23:42:09
Чернівецька,2022-03-05 23:40:00,2022-03-06 00:17:51
Миколаївська,2022-03-06 00:02:00,2022-03-06 00:25:50
Харківська,2022-03-06 00:08:00,2022-03-06 02:33:03
Донецька,2022-03-06 00:33:00,2022-03-06 01:42:10
Миколаївська,2022-03-06 00:48:00,2022-03-06 01:31:07
Львівська,2022-03-06 02:17:00,2022-03-06 03:00:14
Дніпропетровська,2022-03-06 02:54:00,2022-03-06 03:32:31
Волинська,2022-03-06 02:57:00,2022-03-06 04:04:13
Запорізька,2022-03-06 03:11:00,2022-03-06 04:05:06
Херсонська,2022-03-06 03:51:00,2022-03-06 04:21:21
Дніпропетровська,2022-03-06 05:22:00,2022-03-06 06:19:11
Сумська,2022-03-06 05:23:00,2022-03-06 05:31:56
Харківська,2022-03-06 06:12:00,2022-03-06 07:02:57
Сумська,2022-03-06 06:24:00,2022-03-06 07:09:10
Дніпропетровська,2022-03-06 06:27:00,2022-03-06 06:57:29
Запорізька,2022-03-06 06:41:00,2022-03-06 07:19:21
Херсонська,2022-03-06 07:58:00,2022-03-06 08:39:24
Львівська,2022-03-06 08:20:00,2022-03-06 08:44:07
Вінницька,2022-03-06 09:22:00,2022-03-06 09:43:06
Миколаївська,2022-03-06 09:30:00,2022-03-06 11:02:26
Запорізька,2022-03-06 09:41:00,2022-03-06 10:16:06
Сумська,2022-03-06 10:23:00,2022-03-06 10:44:57
Запорізька,2022-03-06 11:50:00,2022-03-06 12:24:22
Чернігівська,2022-03-06 12:33:00,2022-03-06 13:51:02
Черкаська,2022-03-06 12:45:00,2022-03-06 13:57:49
Харківська,2022-03-06 12:57:00,2022-03-06 13:36:28
Київська,2022-03-06 15:17:00,2022-03-06 16:08:16
Житомирська,2022-03-06 16:07:00,2022-03-06 16:40:03
Миколаївська,2022-03-06 16:22:00,2022-03-06 17:25:53
Донецька,2022-03-06 17:03:00,2022-03-06 17:44:56
Житомирська,2022-03-06 17:07:00,2022-03-06 18:39:03
Хмельницька,2022-03-06 17:19:00,2022-03-06 17:36:46
Харківська,2022-03-06 17:34:00,2022-03-06 18:13:09
Харківська,2022-03-06 18:56:00,2022-03-06 20:08:56
Миколаївська,2022-03-06 19:57:00,2022-03-06 20:36:35
Луганська,2022-03-06 20:07:00,2022-03-06 21:00:30
Харківська,2022-03-06 20:33:00,2022-03-06 21:39:53
Чернігівська,2022-03-06 20:38:00,2022-03-06 20:54:00
Луганська,2022-03-06 20:54:00,2022-03-06 21:56:22
Дніпропетровська,2022-03-06 21:02:00,2022-03-06 21:36:48
Херсонська,2022-03-06 21:06:00,2022-03-06 21:40:14
Харківська,2022-03-06 22:46:00,2022-03-06 23:05:51
Донецька,2022-03-06 23:10:00,2022-03-06 23:49:13
Чернівецька,2022-03-07 00:01:00,2022-03-07 01:11:20
Рівненська,2022-03-07 00:10:00,2022-03-07 01:11:25
Донецька,2022-03-07 00:39:00,2022-03-07 01:52:30
Чернівецька,2022-03-07 01:46:00,2022-03-07 03:17:30
Донецька,2022-03-07 01:59:00,2022-03-07 02:18:06
Луганська,2022-03-07 02:40:00,2022-03-07 03:51:56
Херсонська,2022-03-07 04:17:00,2022-03-07 04:44:34
Миколаївська,2022-03-07 04:36:00,2022-03-07 05:01:36
Сумська,2022-03-07 04:37:00,2022-03-07 05:16:10
Рівненська,2022-03-07 04:57:00,2022-03-07 05:46:30
Сумська,2022-03-07 05:08:00,2022-03-07 06:42:14
Одеська,2022-03-07 05:28:00,2022-03-07 06:25:07
Донецька,2022-03-07 05:50:00,2022-03-07 06:31:24
Луганська,2022-03-07 06:18:00,2022-03-07 06:38:34
Донецька,2022-03-07 06:20:00,2022-03-07 06:33:50
Чернігівська,2022-03-07 06:53:00,2022-03-07 07:27:09
Сумська,2022-03-07 07:14:00,2022-03-07 07:57:26
Запорізька,2022-03-07 07:24:00,2022-03-07 08:28:11
Полтавська,2022-03-07 07:35:00,2022-03-07 07:58:59
Одеська,2022-03-07 08:39:00,2022-03-07 09:11:48
Чернігівська,2022-03-07 11:33:00,2022-03-07 12:20:25
Львівська,2022-03-07 12:03:00,2022-03-07 13:20:44
Київська,2022-03-07 13:15:00,2022-03-07 13:55:45
Миколаївська,2022-03-07 13:19:00,2022-03-07 15:51:22
Дніпропетровська,2022-03-07 16:19:00,2022-03-07 16:39:18
Сумська,2022-03-07 17:43:00,2022-03-07 18:22:40
Полтавська,2022-03-07 18:19:00,2022-03-07 18:40:48
Полтавська,2022-03-07 18:40:00,2022-03-07 20:08:01
Закарпатська,2022-03-07 18:43:00,2022-03-07 19:18:28
Чернігівська,2022-03-07 18:50:00,2022-03-07 19:25:04
Чернігівська,2022-03-07 19:11:00,2022-03-07 20:19:20
Хмельницька,2022-03-07 19:48:00,2022-03-07 20:10:08
Луганська,2022-03-07 20:52:00,2022-03-07 21:58:31
Харківська,2022-03-07 21:53:00,2022-03-07 22:30:40
Чернігівська,2022-03-07 21:53:00,2022-03-07 23:05:35
Харківська,2022-03-07 23:09:00,2022-03-08 00:53:19
Луганська,2022-03-07 23:17:00,2022-03-07 23:49:12
Дніпропетровська,2022-03-07 23:27:00,2022-03-08 00:18:38
Полтавська,2022-03-07 23:35:00,2022-03-07 23:50:27
Донецька,2022-03-08 00:02:00,2022-03-08 00:49:04
Рівненська,2022-03-08 00:30:00,2022-03-08 01:23:38
Івано-Франківська,2022-03-08 00:45:00,2022-03-08 00:59:39
Львівська,2022-03-08 01:20:00,2022-03-08 02:35:54
Чернігівська,2022-03-08 01:26:00,2022-03-08 02:01:12
Миколаївська,2022-03-08 01:36:00,2022-03-08 03:28:37
Луганська,2022-03-08 02:21:00,2022-03-08 02:42:04
Сумська,2022-03-08 02:49:00,2022-03-08 03:36:15
Донецька,2022-03-08 03:23:00,2022-03-08 03:43:24
Дніпропетровська,2022-03-08 03:35:00,2022-03-08 04:03:16
Харківська,2022-03-08 03:44:00,2022-03-08 05:21:12
Сумська,2022-03-08 03:50:00,2022-03-08 04:36:12
Харківська,2022-03-08 03:56:00,2022-03-08 05:49:46
Донецька,2022-03-08 04:40:00,2022-03-08 05:00:08
Харківська,2022-03-08 05:00:00,2022-03-08 05:17:47
Сумська,2022-03-08 05:55:00,2022-03-08 06:33:19
Київська,2022-03-08 05:58:00,2022-03-08 06:19:27
Харківська,2022-03-08 06:59:00,2022-03-08 07:30:55
Хмельницька,2022-03-08 07:02:00,2022-03-08 07:35:38
Луганська,2022-03-08 07:16:00,2022-03-08 07:58:47
Донецька,2022-03-08 08:47:00,2022-03-08 09:14:44
Донецька,2022-03-08 08:52:00,2022-03-08 09:38:04
Запорізька,2022-03-08 10:19:00,2022-03-08 10:47:53
Миколаївська,2022-03-08 10:52:00,2022-03-08 12:15:59
Луганська,2022-03-08 11:58:00,2022-03-08 12:31:25
Миколаївська,2022-03-08 12:40:00,2022-03-08 13:13:38
Львівська,2022-03-08 12:58:00,2022-03-08 14:04:56
Полтавська,2022-03-08 15:24:00,2022-03-08 16:33:22
Сумська,2022-03-08 15:38:00,2022-03-08 16:08:55
Миколаївська,2022-03-08 17:01:00,2022-03-08 18:41:47
Львівська,2022-03-08 17:19:00,2022-03-08 17:58:11
Львівська,2022-03-08 17:23:00,2022-03-08 18:06:28
Львівська,2022-03-08 18:02:00,2022-03-08 19:06:55
Хмельницька,2022-03-08 18:59:00,2022-03-08 19:36:30
Тернопільська,2022-03-08 19:18:00,2022-03-08 21:44:17
Чернігівська,2022-03-08 19:37:00,2022-03-08 21:06:24
Кіровоградська,2022-03-08 20:00:00,2022-03-08 21:03:44
Черкаська,2022-03-08 20:21:00,2022-03-08 20:36:19
Львівська,2022-03-08 21:03:00,2022-03-08 21:31:38
Харківська,2022-03-08 21:10:00,2022-03-08 22:43:59
Луганська,2022-03-08 21:12:00,2022-03-08 22:36:24
Донецька,2022-03-08 21:39:00,2022-03-08 22:25:49
Дніпропетровська,2022-03-08 21:55:00,2022-03-08 22:32:15
Дніпропетровська,2022-03-08 23:09:00,2022-03-09 00:21:19
Дніпропетровська,2022-03-08 23:31:00,2022-03-09 00:20:58
Тернопільська,2022-03-09 00:35:00,2022-03-09 01:30:39
Запорізька,2022-03-09 00:46:00,2022-03-09 01:58:10
Одеська,2022-03-09 01:19:00,2022-03-09 02:03:23
Рівненська,2022-03-09 01:41:00,2022-03-09 02:14:06
Запорізька,2022-03-09 02:05:00,2022-03-09 03:01:06
Закарпатська,2022-03-09 02:15:00,2022-03-09 04:02:43
Донецька,2022-03-09 02:51:00,2022-03-09 04:26:14
Черкаська,2022-03-09 03:00:00,2022-03-09 03:48:19
Луганська,2022-03-09 03:14:00,2022-03-09 03:44:06
Харківська,2022-03-09 03:17:00,2022-03-09 03:41:23
Кіровоградська,2022-03-09 03:22:00,2022-03-09 03:49:25
Харківська,2022-03-09 03:46:00,2022-03-09 04:45:31
Одеська,2022-03-09 03:49:00,2022-03-09 04:28:13
Луганська,2022-03-09 04:16:00,2022-03-09 05:14:03
Хмельницька,2022-03-09 04:20:00,2022-03-09 05:14:14
Тернопільська,2022-03-09 04:50:00,2022-03-09 05:15:47
Івано-Франківська,2022-03-09 05:15:00,2022-03-09 06:12:24
Тернопільська,2022-03-09 05:50:00,2022-03-09 06:15:51
Київська,2022-03-09 06:07:00,2022-03-09 07:31:57
Житомирська,2022-03-09 06:12:00,2022-03-09 07:07:16
Донецька,2022-03-09 07:01:00,2022-03-09 08:56:50
Київська,2022-03-09 07:02:00,2022-03-09 07:14:24
Київська,2022-03-09 07:11:00,2022-03-09 07:54:20
Сумська,2022-03-09 07:12:00,2022-03-09 07:42:13
Запорізька,2022-03-09 07:23:00,2022-03-09 07:47:56
Львівська,2022-03-09 08:10:00,2022-03-09 09:09:13
Сумська,2022-03-09 08:39:00,2022-03-09 11:22:47
Рівненська,2022-03-09 09:23:00,2022-03-09 09:38:26
Херсонська,2022-03-09 09:27:00,2022-03-09 09:44:05
Чернігівська,2022-03-09 09:40:00,2022-03-09 10:19:00
Тернопільська,2022-03-09 10:11:00,2022-03-09 10:46:46
Хмельницька,2022-03-09 12:39:00,2022-03-09 13:04:03
Луганська,2022-03-09 12:58:00,2022-03-09 13:55:07
Київська,2022-03-09 13:48:00,2022-03-09 14:33:32
Донецька,2022-03-09 14:11:00,2022-03-09 14:31:33
Миколаївська,2022-03-09 15:49:00,2022-03-09 16:24:32
Полтавська,2022-03-09 16:25:00,2022-03-09 16:47:31
Одеська,2022-03-09 18:10:00,2022-03-09 18:42:37
Донецька,2022-03-09 18:27:00,2022-03-09 20:33:51
Миколаївська,2022-03-09 18:28:00,2022-03-09 19:24:26
Київська,2022-03-09 18:49:00,2022-03-09 19:28:29
Чернігівська,2022-03-09 19:24:00,2022-03-09 19:45:42
Чернігівська,2022-03-09 19:28:00,2022-03-09 19:55:47
Донецька,2022-03-09 21:37:00,2022-03-09 22:27:21
Донецька,2022-03-09 21:41:00,2022-03-09 22:04:39
Київська,2022-03-09 22:45:00,2022-03-09 23:23:52
Луганська,2022-03-09 23:02:00,2022-03-09 23:35:18
Чернігівська,2022-03-09 23:05:00,2022-03-09 23:55:06
Черкаська,2022-03-09 23:14:00,2022-03-10 00:10:49
Чернігівська,2022-03-10 00:17:00,2022-03-10 00:50:32
Херсонська,2022-03-10 00:20:00,2022-03-10 01:37:07
Волинська,2022-03-10 00:57:00,2022-03-10 01:17:33
Миколаївська,2022-03-10 01:43:00,2022-03-10 02:21:47
Житомирська,2022-03-10 02:07:00,2022-03-10 02:30:57
Херсонська,2022-03-10 02:17:00,2022-03-10 02:39:54
Херсонська,2022-03-10 02:26:00,2022-03-10 04:12:01
Донецька,2022-03-10 02:28:00,2022-03-10 03:10:32
Луганська,2022-03-10 02:28:00,2022-03-10 03:41:30
Житомирська,2022-03-10 03:18:00,2022-03-10 04:07:08
Миколаївська,2022-03-10 04:12:00,2022-03-10 05:07:59
Донецька,2022-03-10 04:18:00,2022-03-10 04:30:39
Донецька,2022-03-10 04:28:00,2022-03-10 04:56:28
Донецька,2022-03-10 05:45:00,2022-03-10 06:51:35
Харківська,2022-03-10 06:07:00,2022-03-10 07:02:51
Одеська,2022-03-10 08:09:00,2022-03-10 08:30:26
Донецька,2022-03-10 08:23:00,2022-03-10 09:03:47
Запорізька,2022-03-10 09:06:00,2022-03-10 10:04:52
Миколаївська,2022-03-10 09:11:00,2022-03-10 10:28:25
Запорізька,2022-03-10 10:01:00,2022-03-10 10:45:30
Запорізька,2022-03-10 11:07:00,2022-03-10 11:34:12
Запорізька,2022-03-10 11:50:00,2022-03-10 13:47:29
Житомирська,2022-03-10 12:57:00,2022-03-10 13:21:19
Полтавська,2022-03-10 13:24:00,2022-03-10 13:57:50
Запорізька,2022-03-10 13:32:00,2022-03-10 13:49:24
Івано-Франківська,2022-03-10 14:47:00,2022-03-10 15:19:44
Харківська,2022-03-10 16:01:00,2022-03-10 16:22:06
Кіровоградська,2022-03-10 16:08:00,2022-03-10 16:20:43
Дніпропетровська,2022-03-10 16:52:00,2022-03-10 17:10:16
Черкаська,2022-03-10 18:02:00,2022-03-10 18:31:23
Київська,2022-03-10 18:28:00,2022-03-10 18:53:38
Луганська,2022-03-10 19:51:00,2022-03-10 20:06:47
Львівська,2022-03-10 19:59:00,2022-03-10 21:10:59
Сумська,2022-03-10 20:10:00,2022-03-10 22:21:35
Луганська,2022-03-10 22:13:00,2022-03-10 22:54:07
Харківська,2022-03-10 22:29:00,2022-03-10 23:05:51
Харківська,2022-03-10 22:29:00,2022-03-10 23:15:46
Харківська,2022-03-10 22:30:00,2022-03-10 23:00:15
Луганська,2022-03-10 22:37:00,2022-03-11 00:08:54
Донецька,2022-03-10 22:41:00,2022-03-10 23:03:26
Запорізька,2022-03-10 23:08:00,2022-03-10 23:46:13
Дніпропетровська,2022-03-10 23:16:00,2022-03-10 23:32:18
Черкаська,2022-03-11 00:16:00,2022-03-11 00:53:36
Волинська,2022-03-11 00:30:00,2022-03-11 00:48:57
Тернопільська,2022-03-11 02:41:00,2022-03-11 03:23:43
Закарпатська,2022-03-11 03:42:00,2022-03-11 04:48:52
Черкаська,2022-03-11 04:19:00,2022-03-11 05:03:38
Київська,2022-03-11 04:26:00,2022-03-11 04:41:49
Львівська,2022-03-11 04:47:00,2022-03-11 05:40:28
Чернівецька,2022-03-11 04:56:00,2022-03-11 05:55:42
Сумська,2022-03-11 05:13:00,2022-03-11 05:45:43
Тернопільська,2022-03-11 05:15:00,2022-03-11 06:14:51
Харківська,2022-03-11 05:20:00,2022-03-11 05:41:22
Вінницька,2022-03-11 05:26:00,2022-03-11 05:43:45
Дніпропетровська,2022-03-11 05:59:00,2022-03-11 07:26:13
Волинська,2022-03-11 06:36:00,2022-03-11 07:19:34
Волинська,2022-03-11 06:44:00,2022-03-11 07:09:13
Сумська,2022-03-11 06:55:00,2022-03-11 07:22:41
Запорізька,2022-03-11 06:58:00,2022-03-11 07:29:52
Тернопільська,2022-03-11 07:05:00,2022-03-11 07:33:04
Харківська,2022-03-11 08:07:00,2022-03-11 09:26:23
Херсонська,2022-03-11 08:19:00,2022-03-11 08:54:07
Вінницька,2022-03-11 08:21:00,2022-03-11 09:22:59
Миколаївська,2022-03-11 08:56:00,2022-03-11 09:49:57
Миколаївська,2022-03-11 08:56:00,2022-03-11 09:29:22
Черкаська,2022-03-11 09:50:00,2022-03-11 10:03:52
Запорізька,2022-03-11 12:54:00,2022-03-11 13:24:04
Сумська,2022-03-11 13:12:00,2022-03-11 14:02:45
Тернопільська,2022-03-11 13:42:00,2022-03-11 14:17:21
Дніпропетровська,2022-03-11 13:47:00,2022-03-11 14:21:07
Закарпатська,2022-03-11 13:55:00,2022-03-11 15:06:18
Волинська,2022-03-11 13:59:00,2022-03-11 14:37:53
Полтавська,2022-03-11 15:04:00,2022-03-11 15:27:49
Закарпатська,2022-03-11 15:44:00,2022-03-11 16:32:02
Тернопільська,2022-03-11 16:08:00,2022-03-11 18:04:00
Чернігівська,2022-03-11 16:23:00,2022-03-11 16:39:03
Черкаська,2022-03-11 16:59:00,2022-03-11 18:13:22
Луганська,2022-03-11 17:09:00,2022-03-11 18:19:17
Івано-Франківська,2022-03-11 17:20:00,2022-03-11 19:14:37
Полтавська,2022-03-11 17:36:00,2022-03-11 17:58:23
Луганська,2022-03-11 18:26:00,2022-03-11 19:29:15
Сумська,2022-03-11 19:06:00,2022-03-11 19:49:25
Херсонська,2022-03-11 19:06:00,2022-03-11 19:40:36
Закарпатська,2022-03-11 19:34:00,2022-03-11 20:20:39
Київська,2022-03-11 19:35:00,2022-03-11 20:21:33
Харківська,2022-03-11 19:50:00,2022-03-11 21:13:23
Харківська,2022-03-11 20:01:00,2022-03-11 20:28:19
Запорізька,2022-03-11 20:09:00,2022-03-11 21:05:46
Дніпропетровська,2022-03-11 20:12:00,2022-03-11 21:57:26
Запорізька,2022-03-11 20:26:00,2022-03-11 21:11:45
Миколаївська,2022-03-11 21:27:00,2022-03-11 21:42:17
Харківська,2022-03-11 21:31:00,2022-03-12 00:03:25
Київська,2022-03-11 22:07:00,2022-03-11 22:31:57
Донецька,2022-03-11 22:31:00,2022-03-11 23:13:00
Луганська,2022-03-11 22:45:00,2022-03-11 23:09:01
Кіровоградська,2022-03-11 22:53:00,2022-03-11 23:39:07
Київська,2022-03-11 23:23:00,2022-03-11 23:44:36
Вінницька,2022-03-12 00:10:00,2022-03-12 01:03:26
Київська,2022-03-12 00:25:00,2022-03-12 00:59:41
Кіровоградська,2022-03-12 01:11:00,2022-03-12 02:29:13
Луганська,2022-03-12 01:13:00,2022-03-12 03:56:16
Харківська,2022-03-12 01:28:00,2022-03-12 02:17:38
Луганська,2022-03-12 01:53:00,2022-03-12 02:47:55
Вінницька,2022-03-12 02:47:00,2022-03-12 04:00:18
Харківська,2022-03-12 03:54:00,2022-03-12 04:46:30
Дніпропетровська,2022-03-12 04:23:00,2022-03-12 05:49:39
Чернігівська,2022-03-12 05:43:00,2022-03-12 06:07:48
Закарпатська,2022-03-12 06:26:00,2022-03-12 08:24:58
Миколаївська,2022-03-12 07:13:00,2022-03-12 07:50:54
Запорізька,2022-03-12 07:15:00,2022-03-12 09:22:43
Луганська,2022-03-12 08:11:00,2022-03-12 09:01:13
Дніпропетровська,2022-03-12 08:27:00,2022-03-12 08:53:48
Сумська,2022-03-12 08:37:00,2022-03-12 09:06:10
Херсонська,2022-03-12 09:24:00,2022-03-12 10:29:29
Луганська,2022-03-12 10:29:00,2022-03-12 10:57:20
Рівненська,2022-03-12 11:23:00,2022-03-12 11:47:55
Луганська,2022-03-12 14:14:00,2022-03-12 14:51:05
Дніпропетровська,2022-03-12 14:45:00,2022-03-12 15:31:50
Дніпропетровська,2022-03-12 15:47:00,2022-03-12 16:26:17
Миколаївська,2022-03-12 15:48:00,2022-03-12 16:42:35
Сумська,2022-03-12 16:26:00,2022-03-12 17:20:10
Чернігівська,2022-03-12 16:27:00,2022-03-12 17:16:57
Київська,2022-03-12 16:36:00,2022-03-12 17:40:24
Івано-Франківська,2022-03-12 17:12:00,2022-03-12 17:38:02
Хмельницька,2022-03-12 17:15:00,2022-03-12 17:47:42
Запорізька,2022-03-12 17:22:00,2022-03-12 18:32:21
Сумська,2022-03-12 17:45:00,2022-03-12 18:04:20
Чернівецька,2022-03-12 18:28:00,2022-03-12 19:44:20
Волинська,2022-03-12 19:17:00,2022-03-12 19:37:37
Донецька,2022-03-12 19:18:00,2022-03-12 20:04:18
Харківська,2022-03-12 20:22:00,2022-03-13 00:13:08
Харківська,2022-03-12 20:35:00,2022-03-12 20:57:22
Чернігівська,2022-03-12 21:12:00,2022-03-12 21:46:28
Сумська,2022-03-12 22:15:00,2022-03-12 22:32:54
Сумська,2022-03-12 22:42:00,2022-03-12 23:20:05
Чернігівська,2022-03-12 23:19:00,2022-03-13 00:29:59
Донецька,2022-03-12 23:52:00,2022-03-13 00:12:45
Житомирська,2022-03-13 00:42:00,2022-03-13 01:12:11
Харківська,2022-03-13 01:55:00,2022-03-13 02:48:40
Запорізька,2022-03-13 03:02:00,2022-03-13 06:46:37
Луганська,2022-03-13 03:23:00,2022-03-13 04:03:07
Одеська,2022-03-13 03:51:00,2022-03-13 05:00:24
Кіровоградська,2022-03-13 03:53:00,2022-03-13 04:26:58
Миколаївська,2022-03-13 04:22:00,2022-03-13 06:00:53
Вінницька,2022-03-13 04:27:00,2022-03-13 06:22:03
Волинська,2022-03-13 04:44:00,2022-03-13 05:25:27
Івано-Франківська,2022-03-13 05:36:00,2022-03-13 06:31:32
Луганська,2022-03-13 05:44:00,2022-03-13 05:58:00
Київська,2022-03-13 06:16:00,2022-03-13 07:03:56
Дніпропетровська,2022-03-13 06:38:00,2022-03-13 07:03:45
Київська,2022-03-13 07:20:00,2022-03-13 08:42:55
Запорізька,2022-03-13 07:44:00,2022-03-13 08:03:23
Луганська,2022-03-13 09:57:00,2022-03-13 11:10:11
Харківська,2022-03-13 11:23:00,2022-03-13 12:03:26
Луганська,2022-03-13 12:02:00,2022-03-13 12:19:52
Чернівецька,2022-03-13 12:09:00,2022-03-13 12:48:30
Івано-Франківська,2022-03-13 13:04:00,2022-03-13 13:41:07
Донецька,2022-03-13 13:25:00,2022-03-13 13:39:33
Донецька,2022-03-13 15:05:00,2022-03-13 15:33:56
Чернігівська,2022-03-13 15:40:00,2022-03-13 16:36:53
Сумська,2022-03-13 16:11:00,2022-03-13 17:37:07
Харківська,2022-03-13 17:48:00,2022-03-13 18:37:57
Луганська,2022-03-13 17:55:00,2022-03-13 18:19:14
Хмельницька,2022-03-13 17:56:00,2022-03-13 18:51:11
Луганська,2022-03-13 18:11:00,2022-03-13 18:47:04
Запорізька,2022-03-13 18:20:00,2022-03-13 19:17:23
Полтавська,2022-03-13 20:02:00,2022-03-13 22:09:08
Вінницька,2022-03-13 21:25:00,2022-03-13 22:09:54
Миколаївська,2022-03-13 21:51:00,2022-03-13 22:32:34
Черкаська,2022-03-13 21:55:00,2022-03-13 22:19:22
Запорізька,2022-03-13 22:07:00,2022-03-13 22:20:39
Миколаївська,2022-03-13 23:21:00,2022-03-14 00:40:50
Запорізька,2022-03-14 00:10:00,2022-03-14 01:05:36
Рівненська,2022-03-14 00:47:00,2022-03-14 02:25:58
Львівська,2022-03-14 00:56:00,2022-03-14 01:25:43
Харківська,2022-03-14 01:34:00,2022-03-14 01:54:45
Київська,2022-03-14 02:44:00,2022-03-14 03:11:23
Луганська,2022-03-14 03:16:00,2022-03-14 04:08:59
Тернопільська,2022-03-14 04:22:00,2022-03-14 05:41:14
Київська,2022-03-14 04:45:00,2022-03-14 05:32:05
Запорізька,2022-03-14 05:02:00,2022-03-14 05:36:34
Вінницька,2022-03-14 05:05:00,2022-03-14 05:40:34
Миколаївська,2022-03-14 05:13:00,2022-03-14 06:12:22
Запорізька,2022-03-14 05:15:00,2022-03-14 05:32:23
Чернігівська,2022-03-14 05:15:00,2022-03-14 05:49:45
Харківська,2022-03-14 05:38:00,2022-03-14 06:28:59
Одеська,2022-03-14 05:56:00,2022-03-14 06:59:33
Сумська,2022-03-14 05:59:00,2022-03-14 06:53:07
Житомирська,2022-03-14 06:08:00,2022-03-14 06:47:08
Київська,2022-03-14 06:12:00,2022-03-14 08:46:58
Львівська,2022-03-14 07:40:00,2022-03-14 08:19:08
Донецька,2022-03-14 07:44:00,2022-03-14 08:35:06
Львівська,2022-03-14 08:57:00,2022-03-14 09:10:25
Одеська,2022-03-14 11:05:00,2022-03-14 11:43:35
Львівська,2022-03-14 11:20:00,2022-03-14 11:30:59
Миколаївська,2022-03-14 11:49:00,2022-03-14 12:27:42
Тернопільська,2022-03-14 12:37:00,2022-03-14 12:54:30
Миколаївська,2022-03-14 12:53:00,2022-03-14 13:17:47
Запорізька,2022-03-14 13:46:00,2022-03-14 14:58:08
Донецька,2022-03-14 14:31:00,2022-03-14 15:24:54
Черкаська,2022-03-14 14:46:00,2022-03-14 15:36:02
Рівненська,2022-03-14 15:59:00,2022-03-14 16:33:33
Херсонська,2022-03-14 16:02:00,2022-03-14 16:31:46
Дніпропетровська,2022-03-14 18:01:00,2022-03-14 18:18:14
Хмельницька,2022-03-14 18:29:00,2022-03-14 19:46:25
Дніпропетровська,2022-03-14 19:25:00,2022-03-14 20:56:22
Чернівецька,2022-03-14 21:43:00,2022-03-14 23:01:07
Кіровоградська,2022-03-14 23:03:00,2022-03-14 23:23:01
Житомирська,2022-03-14 23:34:00,2022-03-15 00:22:55
Полтавська,2022-03-15 00:52:00,2022-03-15 01:56:43
Луганська,2022-03-15 01:25:00,2022-03-15 02:14:05
Львівська,2022-03-15 02:13:00,2022-03-15 02:32:31
Донецька,2022-03-15 02:23:00,2022-03-15 02:44:12
Київська,2022-03-15 02:57:00,2022-03-15 04:50:42
Сумська,2022-03-15 03:37:00,2022-03-15 03:57:25
Хмельницька,2022-03-15 03:53:00,2022-03-15 04:13:14
Донецька,2022-03-15 04:15:00,2022-03-15 05:06:19
Сумська,2022-03-15 04:16:00,2022-03-15 04:39:31
Чернігівська,2022-03-15 04:48:00,2022-03-15 05:50:13
Луганська,2022-03-15 05:14:00,2022-03-15 05:53:54
Дніпропетровська,2022-03-15 06:33:00,2022-03-15 07:09:06
Київська,2022-03-15 06:35:00,2022-03-15 07:25:14
Донецька,2022-03-15 09:11:00,2022-03-15 10:24:08
Луганська,2022-03-15 10:11:00,2022-03-15 11:00:15
Хмельницька,2022-03-15 10:37:00,2022-03-15 11:09:28
Дніпропетровська,2022-03-15 11:30:00,2022-03-15 11:44:58
Луганська,2022-03-15 13:18:00,2022-03-15 13:39:15
Кіровоградська,2022-03-15 15:07:00,2022-03-15 16:06:44
Миколаївська,2022-03-15 18:49:00,2022-03-15 19:38:35
Харківська,2022-03-15 19:44:00,2022-03-15 20:18:46
Харківська,2022-03-15 19:58:00,2022-03-15 20:39:44
Донецька,2022-03-15 20:14:00,2022-03-15 21:49:45
Миколаївська,2022-03-15 20:45:00,2022-03-15 21:58:27
Харківська,2022-03-15 21:14:00,2022-03-15 21:44:28
Тернопільська,2022-03-15 21:55:00,2022-03-15 23:41:48
Київська,2022-03-15 22:42:00,2022-03-15 23:19:47
Сумська,2022-03-16 01:10:00,2022-03-16 02:17:43
Дніпропетровська,2022-03-16 01:30:00,2022-03-16 02:01:22
Миколаївська,2022-03-16 02:23:00,2022-03-16 02:52:11
Запорізька,2022-03-16 04:05:00,2022-03-16 04:49:28
Житомирська,2022-03-16 04:18:00,2022-03-16 05:50:16
Чернівецька,2022-03-16 04:48:00,2022-03-16 05:23:54
Луганська,2022-03-16 05:18:00,2022-03-16 06:03:53
Харківська,2022-03-16 05:20:00,2022-03-16 06:27:55
Миколаївська,2022-03-16 05:23:00,2022-03-16 05:46:36
Луганська,2022-03-16 05:45:00,2022-03-16 06:27:07
Київська,2022-03-16 05:52:00,2022-03-16 06:08:01
Луганська,2022-03-16 05:54:00,2022-03-16 08:08:05
Чернігівська,2022-03-16 06:17:00,2022-03-16 07:24:23
Запорізька,2022-03-16 06:19:00,2022-03-16 07:10:01
Харківська,2022-03-16 06:22:00,2022-03-16 07:00:59
Сумська,2022-03-16 06:35:00,2022-03-16 08:55:36
Київська,2022-03-16 06:35:00,2022-03-16 06:57:40
Хмельницька,2022-03-16 07:20:00,2022-03-16 08:23:13
Полтавська,2022-03-16 08:36:00,2022-03-16 09:01:30
Луганська,2022-03-16 09:42:00,2022-03-16 09:54:12
Одеська,2022-03-16 09:46:00,2022-03-16 10:03:09
Тернопільська,2022-03-16 09:54:00,2022-03-16 10:27:55
Житомирська,2022-03-16 10:06:00,2022-03-16 10:45:06
Харківська,2022-03-16 10:08:00,2022-03-16 10:57:14
Миколаївська,2022-03-16 10:26:00,2022-03-16 10:52:54
Луганська,2022-03-16 10:28:00,2022-03-16 11:22:33
Донецька,2022-03-16 12:53:00,2022-03-16 14:58:07
Миколаївська,2022-03-16 14:53:00,2022-03-16 15:07:52
Миколаївська,2022-03-16 15:34:00,2022-03-16 16:05:57
Сумська,2022-03-16 16:02:00,2022-03-16 17:06:13
Рівненська,2022-03-16 16:24:00,2022-03-16 16:43:32
Харківська,2022-03-16 17:14:00,2022-03-16 18:42:14
Житомирська,2022-03-16 18:49:00,2022-03-16 19:12:24
Черкаська,2022-03-16 18:54:00,2022-03-16 20:36:53
Закарпатська,2022-03-16 19:14:00,2022-03-16 20:02:13
Миколаївська,2022-03-16 19:23:00,2022-03-16 20:29:26
Херсонська,2022-03-16 19:30:00,2022-03-16 20:10:44
Сумська,2022-03-16 19:41:00,2022-03-16 20:21:32
Вінницька,2022-03-16 19:53:00,2022-03-16 20:23:16
Миколаївська,2022-03-16 20:41:00,2022-03-16 21:26:43
Сумська,2022-03-16 20:44:00,2022-03-16 21:08:11
Чернігівська,2022-03-16 20:45:00,2022-03-16 21:04:48
Донецька,2022-03-16 22:04:00,2022-03-16 22:32:42
Миколаївська,2022-03-16 22:12:00,2022-03-16 22:24:49
Харківська,2022-03-16 22:17:00,2022-03-17 00:11:21
Київська,2022-03-16 22:32:00,2022-03-16 23:08:32
Дніпропетровська,2022-03-16 23:41:00,2022-03-17 00:03:42
Закарпатська,2022-03-17 00:21:00,2022-03-17 02:29:15
Луганська,2022-03-17 00:34:00,2022-03-17 01:32:34
Херсонська,2022-03-17 01:43:00,2022-03-17 01:57:44
Харківська,2022-03-17 02:05:00,2022-03-17 02:20:44
Запорізька,2022-03-17 02:16:00,2022-03-17 03:20:16
Одеська,2022-03-17 03:23:00,2022-03-17 05:09:02
Харківська,2022-03-17 03:57:00,2022-03-17 04:26:38
Донецька,2022-03-17 04:09:00,2022-03-17 05:20:06
Волинська,2022-03-17 04:18:00,2022-03-17 04:47:56
Донецька,2022-03-17 04:28:00,2022-03-17 05:25:36
Миколаївська,2022-03-17 05:44:00,2022-03-17 06:23:25
Луганська,2022-03-17 05:50:00,2022-03-17 06:53:24
Житомирська,2022-03-17 05:51:00,2022-03-17 08:29:09
Запорізька,2022-03-17 06:04:00,2022-03-17 06:17:40
Миколаївська,2022-03-17 06:09:00,2022-03-17 07:40:05
Дніпропетровська,2022-03-17 06:29:00,2022-03-17 06:50:11
Закарпатська,2022-03-17 07:28:00,2022-03-17 09:04:55
Луганська,2022-03-17 08:28:00,2022-03-17 09:16:41
Чернігівська,2022-03-17 08:40:00,2022-03-17 09:08:04
Луганська,2022-03-17 08:44:00,2022-03-17 10:15:40
Київська,2022-03-17 10:47:00,2022-03-17 11:13:11
Львівська,2022-03-17 12:11:00,2022-03-17 12:27:24
Миколаївська,2022-03-17 12:40:00,2022-03-17 13:02:22
Житомирська,2022-03-17 13:18:00,2022-03-17 13:43:23
Луганська,2022-03-17 13:36:00,2022-03-17 14:27:16
Луганська,2022-03-17 13:38:00,2022-03-17 15:52:59
Чернівецька,2022-03-17 13:53:00,2022-03-17 15:10:11
Закарпатська,2022-03-17 14:06:00,2022-03-17 14:36:30
Харківська,2022-03-17 14:57:00,2022-03-17 15:56:17
Одеська,2022-03-17 15:21:00,2022-03-17 15:43:20
Харківська,2022-03-17 15:38:00,2022-03-17 17:38:35
Херсонська,2022-03-17 16:19:00,2022-03-17 17:12:35
Полтавська,2022-03-17 16:30:00,2022-03-17 16:52:56
Дніпропетровська,2022-03-17 17:14:00,2022-03-17 18:47:42
Одеська,2022-03-17 17:19:00,2022-03-17 21:03:38
Рівненська,2022-03-17 17:55:00,2022-03-17 19:15:39
Харківська,2022-03-17 18:02:00,2022-03-17 19:06:40
Запорізька,2022-03-17 19:53:00,2022-03-17 20:57:46
Івано-Франківська,2022-03-17 20:02:00,2022-03-17 20:16:52
Харківська,2022-03-17 20:12:00,2022-03-17 20:54:11
Миколаївська,2022-03-17 20:16:00,2022-03-17 20:45:02
Запорізька,2022-03-17 20:28:00,2022-03-17 21:34:06
Луганська,2022-03-17 20:46:00,2022-03-17 22:26:27
Херсонська,2022-03-17 21:35:00,2022-03-17 21:42:13
Київська,2022-03-17 21:38:00,2022-03-17 22:18:01
Луганська,2022-03-17 21:59:00,2022-03-17 23:05:57
Донецька,2022-03-17 22:05:00,2022-03-17 23:53:40
Луганська,2022-03-17 22:16:00,2022-03-17 22:29:53
Запорізька,2022-03-17 23:55:00,2022-03-18 00:42:10
Дніпропетровська,2022-03-18 00:00:00,2022-03-18 00:57:37
Київська,2022-03-18 00:24:00,2022-03-18 01:40:33
Волинська,2022-03-18 00:35:00,2022-03-18 01:08:39
Миколаївська,2022-03-18 00:56:00,2022-03-18 01:56:15
Волинська,2022-03-18 02:28:00,2022-03-18 04:01:12
Харківська,2022-03-18 04:07:00,2022-03-18 05:05:16
Херсонська,2022-03-18 04:34:00,2022-03-18 05:28:25
Тернопільська,2022-03-18 04:43:00,2022-03-18 05:22:49
Донецька,2022-03-18 04:50:00,2022-03-18 05:40:53
Чернігівська,2022-03-18 04:52:00,2022-03-18 05:34:23
Київська,2022-03-18 05:03:00,2022-03-18 05:32:13
Київська,2022-03-18 05:29:00,2022-03-18 06:36:59
Запорізька,2022-03-18 05:51:00,2022-03-18 06:55:17
Сумська,2022-03-18 06:02:00,2022-03-18 06:31:33
Херсонська,2022-03-18 06:30:00,2022-03-18 06:50:54
Херсонська,2022-03-18 06:43:00,2022-03-18 06:54:21
Чернігівська,2022-03-18 07:06:00,2022-03-18 09:22:55
Кіровоградська,2022-03-18 07:26:00,2022-03-18 07:53:15
Черкаська,2022-03-18 07:39:00,2022-03-18 09:41:28
Київська,2022-03-18 07:43:00,2022-03-18 08:51:58
Чернігівська,2022-03-18 07:55:00,2022-03-18 08:34:15
Херсонська,2022-03-18 07:56:00,2022-03-18 09:42:40
Донецька,2022-03-18 08:15:00,2022-03-18 08:47:40
Луганська,2022-03-18 08:17:00,2022-03-18 08:34:42
Одеська,2022-03-18 08:20:00,2022-03-18 08:28:14
Запорізька,2022-03-18 08:39:00,2022-03-18 09:33:28
Миколаївська,2022-03-18 08:43:00,2022-03-18 09:05:46
Чернівецька,2022-03-18 08:58:00,2022-03-18 09:24:47
Київська,2022-03-18 09:01:00,2022-03-18 09:51:40
Запорізька,2022-03-18 09:15:00,2022-03-18 09:56:59
Запорізька,2022-03-18 09:27:00,2022-03-18 10:21:15
Київська,2022-03-18 09:54:00,2022-03-18 10:21:44
Київська,2022-03-18 10:32:00,2022-03-18 11:29:35
Харківська,2022-03-18 10:33:00,2022-03-18 11:21:33
Миколаївська,2022-03-18 10:48:00,2022-03-18 11:24:49
Київська,2022-03-18 12:38:00,2022-03-18 13:02:40
Херсонська,2022-03-18 14:19:00,2022-03-18 15:19:09
Хмельницька,2022-03-18 15:10:00,2022-03-18 15:42:48
Кіровоградська,2022-03-18 15:21:00,2022-03-18 15:55:38
Чернігівська,2022-03-18 15:34:00,2022-03-18 16:19:41
Харківська,2022-03-18 15:47:00,2022-03-18 16:15:22
Миколаївська,2022-03-18 17:23:00,2022-03-18 18:20:34
Житомирська,2022-03-18 17:37:00,2022-03-18 18:10:33
Донецька,2022-03-18 18:59:00,2022-03-18 19:13:22
Херсонська,2022-03-18 19:11:00,2022-03-18 19:34:29
Харківська,2022-03-18 19:55:00,2022-03-18 21:41:40
Дніпропетровська,2022-03-18 23:59:00,2022-03-19 00:33:26
Херсонська,2022-03-19 00:21:00,2022-03-19 04:25:08
Волинська,2022-03-19 01:21:00,2022-03-19 02:13:04
Тернопільська,2022-03-19 01:26:00,2022-03-19 02:18:39
Житомирська,2022-03-19 01:35:00,2022-03-19 01:57:03
Сумська,2022-03-19 02:03:00,2022-03-19 04:03:59
Вінницька,2022-03-19 02:16:00,2022-03-19 02:32:44
Рівненська,2022-03-19 02:16:00,2022-03-19 03:03:40
Херсонська,2022-03-19 02:44:00,2022-03-19 02:58:13
Київська,2022-03-19 02:54:00,2022-03-19 03:19:33
Київська,2022-03-19 03:52:00,2022-03-19 04:06:26
Херсонська,2022-03-19 05:36:00,2022-03-19 06:12:06
Луганська,2022-03-19 05:55:00,2022-03-19 06:38:59
Вінницька,2022-03-19 06:30:00,2022-03-19 07:07:16
Запорізька,2022-03-19 07:36:00,2022-03-19 08:28:06
Чернігівська,2022-03-19 09:43:00,2022-03-19 11:16:28
Київська,2022-03-19 11:08:00,2022-03-19 12:04:19
Волинська,2022-03-19 11:22:00,2022-03-19 13:25:39
Запорізька,2022-03-19 11:53:00,2022-03-19 12:38:25
Вінницька,2022-03-19 13:46:00,2022-03-19 14:07:25
Полтавська,2022-03-19 14:49:00,2022-03-19 15:20:40
Сумська,2022-03-19 15:04:00,2022-03-19 15:31:08
Сумська,2022-03-19 15:11:00,2022-03-19 16:40:45
Полтавська,2022-03-19 15:15:00,2022-03-19 16:43:28
Київська,2022-03-19 15:33:00,2022-03-19 16:15:22
Волинська,2022-03-19 16:22:00,2022-03-19 16:50:10
Закарпатська,2022-03-19 16:39:00,2022-03-19 17:33:03
Харківська,2022-03-19 16:43:00,2022-03-19 17:11:42
Сумська,2022-03-19 17:10:00,2022-03-19 18:07:40
Одеська,2022-03-19 17:12:00,2022-03-19 17:30:28
Луганська,2022-03-19 17:54:00,2022-03-19 18:14:19
Дніпропетровська,2022-03-19 18:14:00,2022-03-19 19:31:37
Херсонська,2022-03-19 18:33:00,2022-03-19 19:00:04
Чернігівська,2022-03-19 18:47:00,2022-03-19 19:18:17
Київська,2022-03-19 18:59:00,2022-03-19 20:05:03
Закарпатська,2022-03-19 19:08:00,2022-03-19 19:33:56
Київська,2022-03-19 19:16:00,2022-03-19 19:45:47
Донецька,2022-03-19 19:37:00,2022-03-19 21:23:42
Донецька,2022-03-19 19:39:00,2022-03-19 20:19:24
Вінницька,2022-03-19 19:41:00,2022-03-19 20:25:47
Київська,2022-03-19 21:59:00,2022-03-19 23:13:52
Хмельницька,2022-03-19 22:17:00,2022-03-19 22:54:33
Донецька,2022-03-19 22:31:00,2022-03-19 23:08:52
Київська,2022-03-19 22:41:00,2022-03-19 23:44:36
Миколаївська,2022-03-19 23:04:00,2022-03-19 23:16:57
Івано-Франківська,2022-03-19 23:15:00,2022-03-19 23:35:59
Кіровоградська,2022-03-20 00:05:00,2022-03-20 00:24:11
Кіровоградська,2022-03-20 00:57:00,2022-03-20 01:11:04
Миколаївська,2022-03-20 03:09:00,2022-03-20 03:43:22
Запорізька,2022-03-20 03:15:00,2022-03-20 04:06:14
Харківська,2022-03-20 03:25:00,2022-03-20 04:15:54
Одеська,2022-03-20 03:34:00,2022-03-20 04:31:15
Київська,2022-03-20 04:04:00,2022-03-20 04:13:28
Дніпропетровська,2022-03-20 04:21:00,2022-03-20 04:46:47
Одеська,2022-03-20 04:28:00,2022-03-20 05:10:07
Запорізька,2022-03-20 04:33:00,2022-03-20 05:21:58
Київська,2022-03-20 04:33:00,2022-03-20 06:35:45
Дніпропетровська,2022-03-20 04:42:00,2022-03-20 05:06:46
Тернопільська,2022-03-20 05:02:00,2022-03-20 05:22:02
Кіровоградська,2022-03-20 07:19:00,2022-03-20 07:49:43
Миколаївська,2022-03-20 07:40:00,2022-03-20 08:12:50
Сумська,2022-03-20 07:42:00,2022-03-20 08:20:46
Харківська,2022-03-20 07:46:00,2022-03-20 09:15:46
Луганська,2022-03-20 09:41:00,2022-03-20 10:16:26
Житомирська,2022-03-20 10:30:00,2022-03-20 11:01:34
Вінницька,2022-03-20 11:50:00,2022-03-20 12:17:31
Миколаївська,2022-03-20 12:14:00,2022-03-20 13:06:58
Запорізька,2022-03-20 12:17:00,2022-03-20 13:19:44
Запорізька,2022-03-20 14:18:00,2022-03-20 14:51:08
Хмельницька,2022-03-20 17:33:00,2022-03-20 17:58:39
Одеська,2022-03-20 17:59:00,2022-03-20 18:39:44
Запорізька,2022-03-20 18:15:00,2022-03-20 18:37:58
Миколаївська,2022-03-20 18:24:00,2022-03-20 18:55:23
Харківська,2022-03-20 18:26:00,2022-03-20 18:51:53
Вінницька,2022-03-20 18:31:00,2022-03-20 18:50:55
Луганська,2022-03-20 19:15:00,2022-03-20 19:55:08
Кіровоградська,2022-03-20 19:23:00,2022-03-20 21:01:44
Кіровоградська,2022-03-20 19:27:00,2022-03-20 19:49:03
Вінницька,2022-03-20 19:56:00,2022-03-20 20:22:56
Запорізька,2022-03-20 20:03:00,2022-03-20 20:35:30
Чернівецька,2022-03-20 20:25:00,2022-03-20 21:00:58
Луганська,2022-03-20 20:50:00,2022-03-20 21:31:10
Харківська,2022-03-20 22:21:00,2022-03-20 23:28:07
Харківська,2022-03-20 22:33:00,2022-03-20 23:10:31
Вінницька,2022-03-20 23:38:00,2022-03-21 01:05:33
Чернігівська,2022-03-21 01:25:00,2022-03-21 01:55:37
Житомирська,2022-03-21 01:27:00,2022-03-21 01:59:08
Сумська,2022-03-21 01:59:00,2022-03-21 03:45:39
Луганська,2022-03-21 02:08:00,2022-03-21 02:23:17
Київська,2022-03-21 02:21:00,2022-03-21 02:47:28
Харківська,2022-03-21 02:23:00,2022-03-21 03:04:47
Чернігівська,2022-03-21 02:29:00,2022-03-21 03:33:50
Вінницька,2022-03-21 03:19:00,2022-03-21 04:32:11
Донецька,2022-03-21 03:26:00,2022-03-21 04:00:08
Вінницька,2022-03-21 03:50:00,2022-03-21 04:17:36
Львівська,2022-03-21 03:51:00,2022-03-21 04:26:57
Черкаська,2022-03-21 04:27:00,2022-03-21 04:57:52
Рівненська,2022-03-21 04:38:00,2022-03-21 07:51:46
Полтавська,2022-03-21 06:04:00,2022-03-21 07:03:23
Сумська,2022-03-21 06:17:00,2022-03-21 06:53:53
Хмельницька,2022-03-21 06:59:00,2022-03-21 07:20:13
Одеська,2022-03-21 07:54:00,2022-03-21 08:17:50
Львівська,2022-03-21 08:47:00,2022-03-21 09:36:09
Запорізька,2022-03-21 09:28:00,2022-03-21 09:50:57
Київська,2022-03-21 09:48:00,2022-03-21 10:44:09
Харківська,2022-03-21 10:18:00,2022-03-21 11:10:39
Волинська,2022-03-21 11:06:00,2022-03-21 12:26:45
Черкаська,2022-03-21 12:07:00,2022-03-21 12:34:12
Луганська,2022-03-21 12:12:00,2022-03-21 13:08:16
Запорізька,2022-03-21 14:15:00,2022-03-21 15:15:43
Львівська,2022-03-21 15:21:00,2022-03-21 15:52:46
Херсонська,2022-03-21 16:37:00,2022-03-21 16:58:36
Кіровоградська,2022-03-21 17:05:00,2022-03-21 17:49:34
Київська,2022-03-21 17:14:00,2022-03-21 18:33:31
Харківська,2022-03-21 17:32:00,2022-03-21 19:00:44
Чернігівська,2022-03-21 18:59:00,2022-03-21 19:24:33
Волинська,2022-03-21 19:51:00,2022-03-21 20:25:44
Харківська,2022-03-21 20:00:00,2022-03-21 20:19:05
Сумська,2022-03-21 20:04:00,2022-03-21 20:52:03
Львівська,2022-03-21 20:10:00,2022-03-21 21:02:05
Харківська,2022-03-21 22:26:00,2022-03-21 23:13:44
Запорізька,2022-03-21 23:09:00,2022-03-22 00:06:15
Сумська,2022-03-22 02:11:00,2022-03-22 02:57:47
Харківська,2022-03-22 02:40:00,2022-03-22 03:35:35
Полтавська,2022-03-22 03:00:00,2022-03-22 03:26:16
Миколаївська,2022-03-22 04:23:00,2022-03-22 05:13:21
Одеська,2022-03-22 04:56:00,2022-03-22 05:52:00
Тернопільська,2022-03-22 05:12:00,2022-03-22 06:00:45
Одеська,2022-03-22 05:28:00,2022-03-22 07:40:26
Хмельницька,2022-03-22 05:37:00,2022-03-22 06:04:56
Чернігівська,2022-03-22 06:03:00,2022-03-22 06:52:15
Житомирська,2022-03-22 06:14:00,2022-03-22 06:34:47
Донецька,2022-03-22 07:28:00,2022-03-22 08:14:25
Запорізька,2022-03-22 07:56:00,2022-03-22 08:17:11
Запорізька,2022-03-22 08:18:00,2022-03-22 09:07:27
Полтавська,2022-03-22 08:31:00,2022-03-22 09:06:16
Херсонська,2022-03-22 08:45:00,2022-03-22 09:55:57
Донецька,2022-03-22 09:50:00,2022-03-22 10:39:20
Луганська,2022-03-22 10:23:00,2022-03-22 10:40:21
Рівненська,2022-03-22 11:22:00,2022-03-22 11:48:45
Вінницька,2022-03-22 11:38:00,2022-03-22 11:46:09
Черкаська,2022-03-22 12:40:00,2022-03-22 13:12:00
Донецька,2022-03-22 15:04:00,2022-03-22 15:57:24
Луганська,2022-03-22 16:44:00,2022-03-22 17:34:44
Харківська,2022-03-22 16:59:00,2022-03-22 17:42:56
Миколаївська,2022-03-22 17:05:00,2022-03-22 17:18:57
Житомирська,2022-03-22 17:13:00,2022-03-22 17:44:59
Чернігівська,2022-03-22 17:32:00,2022-03-22 18:21:50
Донецька,2022-03-22 17:59:00,2022-03-22 18:58:05
Донецька,2022-03-22 18:16:00,2022-03-22 18:49:43
Одеська,2022-03-22 18:21:00,2022-03-22 18:59:52
Одеська,2022-03-22 21:39:00,2022-03-22 22:09:39
Сумська,2022-03-22 22:32:00,2022-03-22 23:23:49
Запорізька,2022-03-22 22:39:00,2022-03-22 23:06:56
Сумська,2022-03-22 22:45:00,2022-03-22 23:35:29
Київська,2022-03-22 23:15:00,2022-03-23 00:18:18
Харківська,2022-03-23 00:00:00,2022-03-23 01:06:32
Житомирська,2022-03-23 01:40:00,2022-03-23 02:19:33
Сумська,2022-03-23 02:58:00,2022-03-23 04:24:26
Одеська,2022-03-23 03:17:00,2022-03-23 03:26:49
Херсонська,2022-03-23 03:19:00,2022-03-23 03:49:21
Житомирська,2022-03-23 04:00:00,2022-03-23 04:40:10
Дніпропетровська,2022-03-23 04:29:00,2022-03-23 05:02:22
Миколаївська,2022-03-23 04:34:00,2022-03-23 05:18:01
Волинська,2022-03-23 04:56:00,2022-03-23 06:37:53
Запорізька,2022-03-23 05:03:00,2022-03-23 05:47:52
Чернігівська,2022-03-23 05:33:00,2022-03-23 06:11:18
Дніпропетровська,2022-03-23 05:52:00,2022-03-23 06:13:32
Дніпропетровська,2022-03-23 06:26:00,2022-03-23 07:15:06
Житомирська,2022-03-23 06:37:00,2022-03-23 08:13:19
Запорізька,2022-03-23 06:50:00,2022-03-23 07:12:12
Дніпропетровська,2022-03-23 06:56:00,2022-03-23 07:14:27
Запорізька,2022-03-23 07:08:00,2022-03-23 08:04:13
Донецька,2022-03-23 07:25:00,2022-03-23 07:56:32
Донецька,2022-03-23 09:15:00,2022-03-23 10:04:36
Луганська,2022-03-23 10:07:00,2022-03-23 10:40:32
Луганська,2022-03-23 10:12:00,2022-03-23 11:06:51
Миколаївська,2022-03-23 11:59:00,2022-03-23 13:26:32
Житомирська,2022-03-23 13:39:00,2022-03-23 15:14:54
Чернігівська,2022-03-23 14:39:00,2022-03-23 15:10:56
Дніпропетровська,2022-03-23 15:20:00,2022-03-23 15:31:07
Донецька,2022-03-23 16:07:00,2022-03-23 16:39:18
Полтавська,2022-03-23 16:41:00,2022-03-23 17:04:39
Дніпропетровська,2022-03-23 16:55:00,2022-03-23 17:24:57
Чернігівська,2022-03-23 16:56:00,2022-03-23 17:32:29
Сумська,2022-03-23 17:05:00,2022-03-23 18:00:50
Житомирська,2022-03-23 17:28:00,2022-03-23 17:52:24
Миколаївська,2022-03-23 18:01:00,2022-03-23 18:19:46
Хмельницька,2022-03-23 18:31:00,2022-03-23 19:52:43
Луганська,2022-03-23 18:41:00,2022-03-23 20:00:48
Одеська,2022-03-23 18:58:00,2022-03-23 19:55:18
Донецька,2022-03-23 18:59:00,2022-03-23 19:42:29
Кіровоградська,2022-03-23 19:17:00,2022-03-23 20:07:54
Чернігівська,2022-03-23 19:25:00,2022-03-23 19:43:02
Чернігівська,2022-03-23 19:48:00,2022-03-23 20:15:20
Рівненська,2022-03-23 20:01:00,2022-03-23 20:12:02
Чернігівська,2022-03-23 20:08:00,2022-03-23 21:38:10
Донецька,2022-03-23 21:19:00,2022-03-23 21:58:02
Запорізька,2022-03-23 21:29:00,2022-03-23 21:59:32
Харківська,2022-03-23 21:53:00,2022-03-23 22:48:17
Запорізька,2022-03-23 22:11:00,2022-03-23 22:25:14
Чернігівська,2022-03-23 22:42:00,2022-03-23 23:16:18
Херсонська,2022-03-23 22:46:00,2022-03-23 23:01:01
Житомирська,2022-03-23 22:57:00,2022-03-23 23:56:41
Дніпропетровська,2022-03-23 23:52:00,2022-03-24 00:18:01
Тернопільська,2022-03-24 01:36:00,2022-03-24 02:29:55
Луганська,2022-03-24 03:01:00,2022-03-24 03:56:39
Харківська,2022-03-24 03:50:00,2022-03-24 04:28:08
Донецька,2022-03-24 04:09:00,2022-03-24 04:23:59
Чернігівська,2022-03-24 04:34:00,2022-03-24 05:23:50
Чернігівська,2022-03-24 05:05:00,2022-03-24 05:45:48
Черкаська,2022-03-24 05:15:00,2022-03-24 05:31:23
Луганська,2022-03-24 05:56:00,2022-03-24 06:09:55
Чернігівська,2022-03-24 06:34:00,2022-03-24 07:22:51
Кіровоградська,2022-03-24 07:04:00,2022-03-24 08:55:04
Кіровоградська,2022-03-24 07:05:00,2022-03-24 08:07:17
Кіровоградська,2022-03-24 07:23:00,2022-03-24 07:44:08
Херсонська,2022-03-24 07:26:00,2022-03-24 08:16:47
Сумська,2022-03-24 07:36:00,2022-03-24 08:23:08
Кіровоградська,2022-03-24 07:49:00,2022-03-24 08:16:44
Тернопільська,2022-03-24 07:50:00,2022-03-24 08:29:32
Запорізька,2022-03-24 08:14:00,2022-03-24 08:43:15
Луганська,2022-03-24 08:15:00,2022-03-24 09:12:11
Житомирська,2022-03-24 10:51:00,2022-03-24 11:45:01
Чернігівська,2022-03-24 12:00:00,2022-03-24 12:23:28
Хмельницька,2022-03-24 12:03:00,2022-03-24 12:32:36
Івано-Франківська,2022-03-24 14:11:00,2022-03-24 14:32:18
Полтавська,2022-03-24 14:17:00,2022-03-24 16:07:11
Чернівецька,2022-03-24 14:24:00,2022-03-24 15:09:36
Рівненська,2022-03-24 15:27:00,2022-03-24 15:59:28
Київська,2022-03-24 15:41:00,2022-03-24 16:06:32
Луганська,2022-03-24 16:02:00,2022-03-24 17:05:53
Херсонська,2022-03-24 17:43:00,2022-03-24 18:14:07
Харківська,2022-03-24 17:49:00,2022-03-24 18:27:48
Харківська,2022-03-24 18:32:00,2022-03-24 18:56:28
Хмельницька,2022-03-24 19:07:00,2022-03-24 19:47:47
Житомирська,2022-03-24 20:03:00,2022-03-24 21:26:22
Кіровоградська,2022-03-24 20:53:00,2022-03-24 21:26:40
Хмельницька,2022-03-24 21:23:00,2022-03-24 22:33:15
Полтавська,2022-03-24 21:49:00,2022-03-24 22:47:03
Харківська,2022-03-24 22:00:00,2022-03-24 22:45:32
Кіровоградська,2022-03-24 23:34:00,2022-03-25 00:11:03
Одеська,2022-03-24 23:37:00,2022-03-25 00:05:27
Івано-Франківська,2022-03-24 23:52:00,2022-03-25 00:20:01
Миколаївська,2022-03-25 01:35:00,2022-03-25 02:20:54
Полтавська,2022-03-25 01:38:00,2022-03-25 02:14:27
Миколаївська,2022-03-25 03:28:00,2022-03-25 03:49:04
Донецька,2022-03-25 03:46:00,2022-03-25 04:44:39
Чернігівська,2022-03-25 05:12:00,2022-03-25 06:06:12
Одеська,2022-03-25 05:14:00,2022-03-25 05:29:21
Дніпропетровська,2022-03-25 05:26:00,2022-03-25 06:31:43
Хмельницька,2022-03-25 05:49:00,2022-03-25 06:28:01
Чернігівська,2022-03-25 06:09:00,2022-03-25 08:21:10
Дніпропетровська,2022-03-25 06:51:00,2022-03-25 07:27:32
Київська,2022-03-25 07:04:00,2022-03-25 12:25:19
Івано-Франківська,2022-03-25 08:32:00,2022-03-25 09:10:43
Полтавська,2022-03-25 08:45:00,2022-03-25 09:21:47
Запорізька,2022-03-25 09:20:00,2022-03-25 10:24:59
Луганська,2022-03-25 09:56:00,2022-03-25 10:36:38
Миколаївська,2022-03-25 12:21:00,2022-03-25 13:04:20
Дніпропетровська,2022-03-25 13:33:00,2022-03-25 14:15:43
Рівненська,2022-03-25 13:36:00,2022-03-25 13:59:23
Запорізька,2022-03-25 14:27:00,2022-03-25 15:07:47
Запорізька,2022-03-25 15:26:00,2022-03-25 15:51:07
Харківська,2022-03-25 15:30:00,2022-03-25 15:51:39
Київська,2022-03-25 16:38:00,2022-03-25 18:12:49
Херсонська,2022-03-25 16:45:00,2022-03-25 17:36:01
Херсонська,2022-03-25 16:46:00,2022-03-25 17:54:04
Одеська,2022-03-25 17:14:00,2022-03-25 18:05:31
Харківська,2022-03-25 17:37:00,2022-03-25 19:30:34
Донецька,2022-03-25 17:54:00,2022-03-25 18:45:43
Миколаївська,2022-03-25 17:56:00,2022-03-25 18:47:25
Сумська,2022-03-25 18:00:00,2022-03-25 19:57:27
Запорізька,2022-03-25 18:01:00,2022-03-25 18:28:23
Херсонська,2022-03-25 18:12:00,2022-03-25 18:46:17
Луганська,2022-03-25 18:18:00,2022-03-25 18:58:02
Миколаївська,2022-03-25 18:36:00,2022-03-25 19:13:09
Одеська,2022-03-25 18:37:00,2022-03-25 18:58:03
Херсонська,2022-03-25 18:39:00,2022-03-25 20:10:07
Івано-Франківська,2022-03-25 18:53:00,2022-03-25 19:25:26
Луганська,2022-03-25 19:09:00,2022-03-25 19:23:01
Київська,2022-03-25 19:42:00,2022-03-25 20:30:34
Одеська,2022-03-25 20:31:00,2022-03-25 20:52:57
Миколаївська,2022-03-25 21:09:00,2022-03-25 22:10:48
Запорізька,2022-03-25 21:30:00,2022-03-25 22:12:45
Луганська,2022-03-25 21:32:00,2022-03-25 21:56:34
Чернігівська,2022-03-25 22:14:00,2022-03-25 22:26:41
Миколаївська,2022-03-25 23:17:00,2022-03-25 23:54:47
Запорізька,2022-03-25 23:48:00,2022-03-26 01:45:33
Житомирська,2022-03-26 00:10:00,2022-03-26 00:28:46
Донецька,2022-03-26 00:32:00,2022-03-26 01:12:24
Хмельницька,2022-03-26 00:36:00,2022-03-26 00:58:06
Рівненська,2022-03-26 00:45:00,2022-03-26 01:12:37
Київська,2022-03-26 00:46:00,2022-03-26 02:22:48
Житомирська,2022-03-26 01:37:00,2022-03-26 02:06:55
Харківська,2022-03-26 02:03:00,2022-03-26 02:32:21
Сумська,2022-03-26 02:29:00,2022-03-26 03:03:31
Полтавська,2022-03-26 03:35:00,2022-03-26 03:53:16
Херсонська,2022-03-26 03:47:00,2022-03-26 04:23:11
Луганська,2022-03-26 04:20:00,2022-03-26 04:34:04
Київська,2022-03-26 04:20:00,2022-03-26 05:10:14
Хмельницька,2022-03-26 04:27:00,2022-03-26 05:20:53
Дніпропетровська,2022-03-26 05:19:00,2022-03-26 06:01:18
Хмельницька,2022-03-26 05:39:00,2022-03-26 06:10:26
Запорізька,2022-03-26 05:45:00,2022-03-26 08:15:07
Луганська,2022-03-26 08:30:00,2022-03-26 08:56:40
Донецька,2022-03-26 08:54:00,2022-03-26 09:23:57
Вінницька,2022-03-26 09:36:00,2022-03-26 10:01:30
Луганська,2022-03-26 11:40:00,2022-03-26 13:01:35
Чернігівська,2022-03-26 12:13:00,2022-03-26 13:09:39
Хмельницька,2022-03-26 12:58:00,2022-03-26 15:03:30
Чернівецька,2022-03-26 13:43:00,2022-03-26 14:01:37
Донецька,2022-03-26 13:51:00,2022-03-26 14:52:30
Хмельницька,2022-03-26 15:07:00,2022-03-26 15:25:35
Донецька,2022-03-26 15:24:00,2022-03-26 15:52:56
Сумська,2022-03-26 16:20:00,2022-03-26 16:45:23
Донецька,2022-03-26 16:48:00,2022-03-26 17:12:09
Херсонська,2022-03-26 16:54:00,2022-03-26 17:17:49
Миколаївська,2022-03-26 17:07:00,2022-03-26 17:39:22
Луганська,2022-03-26 17:14:00,2022-03-26 17:49:05
Кіровоградська,2022-03-26 18:23:00,2022-03-26 18:44:02
Київська,2022-03-26 19:16:00,2022-03-26 19:42:48
Рівненська,2022-03-26 20:02:00,2022-03-26 21:10:05
Полтавська,2022-03-26 20:11:00,2022-03-26 21:58:13
Житомирська,2022-03-26 20:30:00,2022-03-26 21:51:02
Дніпропетровська,2022-03-26 20:52:00,2022-03-26 21:40:57
Луганська,2022-03-26 21:47:00,2022-03-26 22:42:48
Миколаївська,2022-03-26 22:27:00,2022-03-27 00:29:05
Донецька,2022-03-26 22:50:00,2022-03-26 23:12:48
Харківська,2022-03-26 23:35:00,2022-03-27 00:27:17
Житомирська,2022-03-26 23:44:00,2022-03-27 00:16:32
Луганська,2022-03-27 00:27:00,2022-03-27 00:48:51
Київська,2022-03-27 01:30:00,2022-03-27 01:41:28
Хмельницька,2022-03-27 02:27:00,2022-03-27 02:44:01
Чернігівська,2022-03-27 02:29:00,2022-03-27 02:54:10
Чернігівська,2022-03-27 03:19:00,2022-03-27 04:16:52
Донецька,2022-03-27 03:41:00,2022-03-27 04:01:43
Харківська,2022-03-27 03:58:00,2022-03-27 04:42:31
Донецька,2022-03-27 04:21:00,2022-03-27 04:42:15
Донецька,2022-03-27 04:56:00,2022-03-27 06:25:14
Херсонська,2022-03-27 05:35:00,2022-03-27 06:39:47
Херсонська,2022-03-27 05:39:00,2022-03-27 07:14:10
Чернігівська,2022-03-27 05:41:00,2022-03-27 06:16:11
Чернігівська,2022-03-27 05:50:00,2022-03-27 06:26:37
Донецька,2022-03-27 06:20:00,2022-03-27 07:03:25
Київська,2022-03-27 06:24:00,2022-03-27 07:47:19
Хмельницька,2022-03-27 06:24:00,2022-03-27 07:01:16
Одеська,2022-03-27 06:37:00,2022-03-27 08:54:18
Вінницька,2022-03-27 07:15:00,2022-03-27 07:27:37
Чернігівська,2022-03-27 07:57:00,2022-03-27 08:22:55
Харківська,2022-03-27 08:08:00,2022-03-27 10:18:24
Київська,2022-03-27 08:41:00,2022-03-27 09:57:28
Донецька,2022-03-27 08:46:00,2022-03-27 09:01:33
Луганська,2022-03-27 14:13:00,2022-03-27 15:37:31
Донецька,2022-03-27 14:21:00,2022-03-27 15:57:46
Одеська,2022-03-27 14:24:00,2022-03-27 15:47:41
Чернівецька,2022-03-27 14:45:00,2022-03-27 15:39:30
Херсонська,2022-03-27 15:04:00,2022-03-27 15:27:54
Донецька,2022-03-27 15:09:00,2022-03-27 15:37:26
Одеська,2022-03-27 15:34:00,2022-03-27 16:07:21
Луганська,2022-03-27 16:20:00,2022-03-27 16:46:09
Дніпропетровська,2022-03-27 16:57:00,2022-03-27 18:32:28
Запорізька,2022-03-27 17:18:00,2022-03-27 17:39:37
Харківська,2022-03-27 17:27:00,2022-03-27 18:00:09
Чернігівська,2022-03-27 18:20:00,2022-03-27 18:32:38
Донецька,2022-03-27 19:00:00,2022-03-27 20:36:15
Київська,2022-03-27 19:01:00,2022-03-27 19:26:50
Луганська,2022-03-27 19:12:00,2022-03-27 20:25:11
Луганська,2022-03-27 19:36:00,2022-03-27 19:51:30
Тернопільська,2022-03-27 19:40:00,2022-03-27 20:00:47
Донецька,2022-03-27 20:24:00,2022-03-27 21:43:47
Київська,2022-03-27 20:45:00,2022-03-27 21:14:46
Київська,2022-03-27 20:55:00,2022-03-27 21:33:13
Запорізька,2022-03-27 21:12:00,2022-03-27 21:50:18
Луганська,2022-03-27 21:22:00,2022-03-27 22:14:59
Луганська,2022-03-27 21:47:00,2022-03-27 22:34:54
Харківська,2022-03-27 22:09:00,2022-03-27 22:46:23
Чернігівська,2022-03-27 22:11:00,2022-03-27 22:50:14
Хмельницька,2022-03-27 23:13:00,2022-03-27 23:50:59
Херсонська,2022-03-27 23:54:00,2022-03-28 00:29:13
Чернігівська,2022-03-28 00:03:00,2022-03-28 00:50:52
Луганська,2022-03-28 00:50:00,2022-03-28 01:58:17
Миколаївська,2022-03-28 01:11:00,2022-03-28 02:14:25
Миколаївська,2022-03-28 01:27:00,2022-03-28 01:51:33
Донецька,2022-03-28 02:53:00,2022-03-28 03:09:01
Дніпропетровська,2022-03-28 04:03:00,2022-03-28 04:43:15
Херсонська,2022-03-28 04:24:00,2022-03-28 05:19:38
Харківська,2022-03-28 05:08:00,2022-03-28 05:19:39
Чернігівська,2022-03-28 05:23:00,2022-03-28 06:24:36
Донецька,2022-03-28 05:28:00,2022-03-28 05:59:39
Миколаївська,2022-03-28 05:35:00,2022-03-28 06:49:34
Сумська,2022-03-28 06:39:00,2022-03-28 07:02:54
Харківська,2022-03-28 06:55:00,2022-03-28 07:28:55
Чернігівська,2022-03-28 09:18:00,2022-03-28 10:04:54
Хмельницька,2022-03-28 09:30:00,2022-03-28 10:10:28
Тернопільська,2022-03-28 09:57:00,2022-03-28 10:30:05
Харківська,2022-03-28 10:02:00,2022-03-28 11:20:32
Житомирська,2022-03-28 10:10:00,2022-03-28 12:24:09
Чернівецька,2022-03-28 11:40:00,2022-03-28 12:16:55
Кіровоградська,2022-03-28 13:30:00,2022-03-28 13:59:21
Харківська,2022-03-28 14:21:00,2022-03-28 14:52:40
Чернігівська,2022-03-28 14:34:00,2022-03-28 15:20:23
Чернігівська,2022-03-28 15:09:00,2022-03-28 16:10:25
Львівська,2022-03-28 16:09:00,2022-03-28 17:00:50
Запорізька,2022-03-28 17:35:00,2022-03-28 18:46:12
Миколаївська,2022-03-28 18:47:00,2022-03-28 19:17:30
Львівська,2022-03-28 19:26:00,2022-03-28 19:58:42
Тернопільська,2022-03-28 19:30:00,2022-03-28 20:05:07
Херсонська,2022-03-28 19:49:00,2022-03-28 20:44:21
Чернігівська,2022-03-28 19:56:00,2022-03-28 20:34:04
Тернопільська,2022-03-28 20:30:00,2022-03-28 21:05:26
Івано-Франківська,2022-03-28 20:30:00,2022-03-28 20:48:19
Одеська,2022-03-28 21:24:00,2022-03-28 21:39:31
Чернівецька,2022-03-28 21:41:00,2022-03-28 23:07:36
Житомирська,2022-03-28 22:12:00,2022-03-28 23:18:30
Рівненська,2022-03-28 22:33:00,2022-03-28 23:22:18
Сумська,2022-03-28 22:53:00,2022-03-28 23:16:19
Миколаївська,2022-03-28 23:23:00,2022-03-29 00:56:14
Івано-Франківська,2022-03-29 00:26:00,2022-03-29 00:39:13
Тернопільська,2022-03-29 01:07:00,2022-03-29 01:44:03
Миколаївська,2022-03-29 01:17:00,2022-03-29 01:43:39
Запорізька,2022-03-29 01:36:00,2022-03-29 02:15:08
Тернопільська,2022-03-29 02:39:00,2022-03-29 03:03:00
Донецька,2022-03-29 02:59:00,2022-03-29 03:53:25
Львівська,2022-03-29 03:51:00,2022-03-29 04:47:24
Київська,2022-03-29 03:54:00,2022-03-29 04:20:08
Івано-Франківська,2022-03-29 04:27:00,2022-03-29 04:57:51
Херсонська,2022-03-29 06:22:00,2022-03-29 07:19:38
Одеська,2022-03-29 06:36:00,2022-03-29 06:59:34
Львівська,2022-03-29 07:27:00,2022-03-29 07:55:56
Харківська,2022-03-29 07:33:00,2022-03-29 08:19:14
Херсонська,2022-03-29 08:27:00,2022-03-29 09:35:16
Житомирська,2022-03-29 08:34:00,2022-03-29 09:09:01
Житомирська,2022-03-29 09:24:00,2022-03-29 10:05:42
Тернопільська,2022-03-29 10:20:00,2022-03-29 10:37:50
Чернігівська,2022-03-29 10:25:00,2022-03-29 10:57:27
Чернігівська,2022-03-29 10:37:00,2022-03-29 11:46:24
Харківська,2022-03-29 11:18:00,2022-03-29 12:16:24
Харківська,2022-03-29 11:53:00,2022-03-29 12:29:30
Чернігівська,2022-03-29 13:17:00,2022-03-29 13:32:36
Полтавська,2022-03-29 15:32:00,2022-03-29 16:23:34
Донецька,2022-03-29 16:00:00,2022-03-29 17:24:25
Вінницька,2022-03-29 16:25:00,2022-03-29 17:32:33
Кіровоградська,2022-03-29 16:46:00,2022-03-29 17:04:08
Херсонська,2022-03-29 17:41:00,2022-03-29 17:54:21
Вінницька,2022-03-29 18:30:00,2022-03-29 19:25:40
Харківська,2022-03-29 18:33:00,2022-03-29 19:30:18
Харківська,2022-03-29 19:14:00,2022-03-29 19:38:15
Житомирська,2022-03-29 19:27:00,2022-03-29 20:03:41
Вінницька,2022-03-29 19:29:00,2022-03-29 19:59:46
Сумська,2022-03-29 19:36:00,2022-03-29 20:40:27
Волинська,2022-03-29 19:46:00,2022-03-29 20:14:14
Луганська,2022-03-29 20:23:00,2022-03-29 20:52:23
Полтавська,2022-03-29 20:54:00,2022-03-29 21:52:42
Чернігівська,2022-03-29 22:16:00,2022-03-29 22:30:30
Миколаївська,2022-03-29 22:45:00,2022-03-29 23:48:26
Тернопільська,2022-03-29 22:50:00,2022-03-29 23:13:35
Донецька,2022-03-29 23:19:00,2022-03-30 00:38:40
Дніпропетровська,2022-03-29 23:41:00,2022-03-30 00:57:18
Миколаївська,2022-03-29 23:55:00,2022-03-30 01:03:57
Луганська,2022-03-30 00:20:00,2022-03-30 00:50:04
Київська,2022-03-30 01:54:00,2022-03-30 03:21:03
Сумська,2022-03-30 02:09:00,2022-03-30 02:35:12
Запорізька,2022-03-30 02:23:00,2022-03-30 02:58:58
Полтавська,2022-03-30 02:58:00,2022-03-30 03:42:28
Волинська,2022-03-30 02:59:00,2022-03-30 03:33:11
Запорізька,2022-03-30 04:06:00,2022-03-30 04:19:21
Одеська,2022-03-30 04:37:00,2022-03-30 05:47:57
Одеська,2022-03-30 04:56:00,2022-03-30 05:48:42
Чернівецька,2022-03-30 05:00:00,2022-03-30 05:27:53
Тернопільська,2022-03-30 05:24:00,2022-03-30 06:17:40
Сумська,2022-03-30 05:29:00,2022-03-30 06:11:35
Миколаївська,2022-03-30 05:38:00,2022-03-30 08:54:32
Чернігівська,2022-03-30 06:21:00,2022-03-30 06:56:17
Харківська,2022-03-30 06:29:00,2022-03-30 07:39:54
Донецька,2022-03-30 07:19:00,2022-03-30 08:20:35
Запорізька,2022-03-30 07:23:00,2022-03-30 08:27:57
Одеська,2022-03-30 07:33:00,2022-03-30 07:53:55
Сумська,2022-03-30 10:41:00,2022-03-30 10:58:51
Миколаївська,2022-03-30 10:44:00,2022-03-30 11:56:17
Вінницька,2022-03-30 11:20:00,2022-03-30 11:45:48
Черкаська,2022-03-30 11:37:00,2022-03-30 12:13:16
Запорізька,2022-03-30 12:33:00,2022-03-30 13:50:32
Луганська,2022-03-30 13:06:00,2022-03-30 13:36:48
Чернівецька,2022-03-30 13:31:00,2022-03-30 14:28:09
Сумська,2022-03-30 14:52:00,2022-03-30 15:53:11
Рівненська,2022-03-30 15:28:00,2022-03-30 16:24:55
Львівська,2022-03-30 16:33:00,2022-03-30 17:12:54
Одеська,2022-03-30 16:36:00,2022-03-30 17:23:37
Чернігівська,2022-03-30 16:40:00,2022-03-30 17:15:53
Луганська,2022-03-30 16:57:00,2022-03-30 17:07:01
Миколаївська,2022-03-30 17:21:00,2022-03-30 17:57:39
Закарпатська,2022-03-30 17:25:00,2022-03-30 18:39:44
Черкаська,2022-03-30 17:36:00,2022-03-30 18:07:09
Харківська,2022-03-30 18:10:00,2022-03-30 18:43:04
Херсонська,2022-03-30 18:30:00,2022-03-30 19:20:53
Одеська,2022-03-30 19:02:00,2022-03-30 19:48:19
Київська,2022-03-30 19:24:00,2022-03-30 19:39:07
Дніпропетровська,2022-03-30 19:55:00,2022-03-30 20:35:57
Житомирська,2022-03-30 20:05:00,2022-03-30 21:52:12
Полтавська,2022-03-30 20:46:00,2022-03-30 22:25:36
Запорізька,2022-03-30 21:25:00,2022-03-30 21:34:42
Сумська,2022-03-30 22:11:00,2022-03-30 22:48:43
Волинська,2022-03-30 22:26:00,2022-03-30 23:10:06
Чернівецька,2022-03-30 23:50:00,2022-03-31 01:47:25
Сумська,2022-03-31 00:06:00,2022-03-31 00:55:01
Київська,2022-03-31 00:12:00,2022-03-31 01:20:53
Донецька,2022-03-31 00:20:00,2022-03-31 02:17:04
Донецька,2022-03-31 01:30:00,2022-03-31 02:10:31
Сумська,2022-03-31 02:07:00,2022-03-31 03:00:30
Сумська,2022-03-31 02:09:00,2022-03-31 02:50:27
Луганська,2022-03-31 02:11:00,2022-03-31 02:38:10
Житомирська,2022-03-31 03:13:00,2022-03-31 04:22:13
Луганська,2022-03-31 03:28:00,2022-03-31 03:50:01
Донецька,2022-03-31 03:34:00,2022-03-31 04:53:51
Донецька,2022-03-31 03:52:00,2022-03-31 04:41:57
Донецька,2022-03-31 04:39:00,2022-03-31 05:13:56
Луганська,2022-03-31 04:55:00,2022-03-31 05:13:07
Одеська,2022-03-31 04:58:00,2022-03-31 05:22:31
Чернігівська,2022-03-31 05:56:00,2022-03-31 06:34:53
Житомирська,2022-03-31 06:09:00,2022-03-31 09:34:40
Одеська,2022-03-31 06:43:00,2022-03-31 07:21:18
Сумська,2022-03-31 06:57:00,2022-03-31 07:29:55
Київська,2022-03-31 07:07:00,2022-03-31 07:39:54
Харківська,2022-03-31 07:30:00,2022-03-31 10:22:49
Житомирська,2022-03-31 08:16:00,2022-03-31 08:50:58
Запорізька,2022-03-31 08:45:00,2022-03-31 09:54:45
Донецька,2022-03-31 09:03:00,2022-03-31 09:38:06
Кіровоградська,2022-03-31 09:51:00,2022-03-31 10:26:00
Черкаська,2022-03-31 09:56:00,2022-03-31 10:18:10
Житомирська,2022-03-31 11:47:00,2022-03-31 12:09:46
Сумська,2022-03-31 15:11:00,2022-03-31 16:12:42
Чернігівська,2022-03-31 15:22:00,2022-03-31 16:32:26
Вінницька,2022-03-31 16:19:00,2022-03-31 16:55:01
Волинська,2022-03-31 16:28:00,2022-03-31 17:08:03
Харківська,2022-03-31 16:42:00,2022-03-31 17:20:24
Харківська,2022-03-31 17:08:00,2022-03-31 17:41:50
Львівська,2022-03-31 17:26:00,2022-03-31 17:39:50
Сумська,2022-03-31 18:26:00,2022-03-31 19:49:30
Чернігівська,2022-03-31 19:08:00,2022-03-31 20:11:27
Херсонська,2022-03-31 19:21:00,2022-03-31 19:43:56
Харківська,2022-03-31 19:57:00,2022-03-31 20:25:54
Тернопільська,2022-03-31 20:01:00,2022-03-31 20:08:46
Луганська,2022-03-31 21:40:00,2022-03-31 22:09:27
Чернівецька,2022-03-31 21:47:00,2022-03-31 22:33:56
Київська,2022-03-31 23:24:00,2022-04-01 00:57:06
Черкаська,2022-03-31 23:45:00,2022-04-01 00:00:30
Херсонська,2022-04-01 00:07:00,2022-04-01 00:56:34
Сумська,2022-04-01 00:08:00,2022-04-01 00:31:21
Київська,2022-04-01 00:26:00,2022-04-01 01:49:34
Тернопільська,2022-04-01 00:35:00,2022-04-01 01:19:21
Сумська,2022-04-01 01:01:00,2022-04-01 02:09:09
Сумська,2022-04-01 01:12:00,2022-04-01 02:52:04
Дніпропетровська,2022-04-01 03:17:00,2022-04-01 04:07:08
Полтавська,2022-04-01 03:40:00,2022-04-01 05:31:29
Житомирська,2022-04-01 04:04:00,2022-04-01 04:50:51
Донецька,2022-04-01 04:22:00,2022-04-01 05:02:48
Черкаська,2022-04-01 05:33:00,2022-04-01 06:32:24
Сумська,2022-04-01 05:56:00,2022-04-01 06:54:31
Полтавська,2022-04-01 06:06:00,2022-04-01 06:55:01
Запорізька,2022-04-01 07:29:00,2022-04-01 08:47:29
Житомирська,2022-04-01 07:53:00,2022-04-01 08:13:38
Київська,2022-04-01 08:35:00,2022-04-01 09:31:00
Донецька,2022-04-01 10:18:00,2022-04-01 10:30:10
Дніпропетровська,2022-04-01 10:41:00,2022-04-01 12:28:08
Донецька,2022-04-01 11:15:00,2022-04-01 11:55:32
Закарпатська,2022-04-01 12:19:00,2022-04-01 13:00:35
Волинська,2022-04-01 13:01:00,2022-04-01 13:09:42
Луганська,2022-04-01 14:07:00,2022-04-01 14:49:15
Запорізька,2022-04-01 14:25:00,2022-04-01 15:49:52
Житомирська,2022-04-01 14:39:00,2022-04-01 14:55:36
Миколаївська,2022-04-01 14:53:00,2022-04-01 15:43:57
Луганська,2022-04-01 15:24:00,2022-04-01 16:03:42
Полтавська,2022-04-01 15:57:00,2022-04-01 16:47:45
Одеська,2022-04-01 16:52:00,2022-04-01 19:15:07
Тернопільська,2022-04-01 17:14:00,2022-04-01 17:35:23
Донецька,2022-04-01 18:35:00,2022-04-01 19:16:21
Миколаївська,2022-04-01 19:13:00,2022-04-01 19:53:42
Чернівецька,2022-04-01 19:24:00,2022-04-01 20:15:45
Київська,2022-04-01 19:37:00,2022-04-01 21:30:27
Черкаська,2022-04-01 20:00:00,2022-04-01 20:45:44
Одеська,2022-04-01 20:32:00,2022-04-01 21:13:04
Харківська,2022-04-01 20:55:00,2022-04-01 21:17:35
Харківська,2022-04-01 20:59:00,2022-04-01 22:29:08
Полтавська,2022-04-01 21:08:00,2022-04-01 21:56:06
Одеська,2022-04-02 00:06:00,2022-04-02 00:31:24
Дніпропетровська,2022-04-02 00:09:00,2022-04-02 00:44:17
Івано-Франківська,2022-04-02 01:36:00,2022-04-02 03:15:25
Житомирська,2022-04-02 03:03:00,2022-04-02 03:13:20
Харківська,2022-04-02 03:26:00,2022-04-02 03:48:59
Луганська,2022-04-02 03:45:00,2022-04-02 04:39:48
Донецька,2022-04-02 04:02:00,2022-04-02 04:47:10
Рівненська,2022-04-02 04:44:00,2022-04-02 06:05:27
Рівненська,2022-04-02 05:07:00,2022-04-02 05:44:45
Дніпропетровська,2022-04-02 05:41:00,2022-04-02 06:07:02
Сумська,2022-04-02 06:06:00,2022-04-02 06:53:13
Луганська,2022-04-02 06:14:00,2022-04-02 07:14:30
Миколаївська,2022-04-02 08:41:00,2022-04-02 09:38:03
Чернівецька,2022-04-02 08:56:00,2022-04-02 10:33:48
Сумська,2022-04-02 09:47:00,2022-04-02 10:11:22
Волинська,2022-04-02 13:18:00,2022-04-02 13:39:42
Київська,2022-04-02 13:49:00,2022-04-02 14:40:20
Дніпропетровська,2022-04-02 16:40:00,2022-04-02 16:46:23
Івано-Франківська,2022-04-02 16:49:00,2022-04-02 18:32:06
Харківська,2022-04-02 18:02:00,2022-04-02 19:45:25
Волинська,2022-04-02 18:03:00,2022-04-02 18:45:02
Житомирська,2022-04-02 18:04:00,2022-04-02 18:27:43
Миколаївська,2022-04-02 18:39:00,2022-04-02 19:07:40
Сумська,2022-04-02 18:52:00,2022-04-02 19:16:14
Полтавська,2022-04-02 19:40:00,2022-04-02 20:26:25
Луганська,2022-04-02 19:52:00,2022-04-02 20:35:14
Херсонська,2022-04-02 19:57:00,2022-04-02 20:36:26
Луганська,2022-04-02 20:52:00,2022-04-02 21:40:49
Львівська,2022-04-02 21:03:00,2022-04-02 21:25:46
Волинська,2022-04-02 21:28:00,2022-04-02 23:40:07
Запорізька,2022-04-02 21:49:00,2022-04-02 23:01:25
Тернопільська,2022-04-02 22:06:00,2022-04-03 00:25:59
Миколаївська,2022-04-02 22:27:00,2022-04-02 23:45:16
Сумська,2022-04-03 00:04:00,2022-04-03 01:52:28
Київська,2022-04-03 00:47:00,2022-04-03 01:46:24
Київська,2022-04-03 01:28:00,2022-04-03 02:13:43
Київська,2022-04-03 01:52:00,2022-04-03 03:16:34
Херсонська,2022-04-03 02:25:00,2022-04-03 02:47:25
Харківська,2022-04-03 02:35:00,2022-04-03 02:49:42
Херсонська,2022-04-03 03:56:00,2022-04-03 05:12:58
Херсонська,2022-04-03 04:02:00,2022-04-03 04:38:21
Донецька,2022-04-03 04:37:00,2022-04-03 05:09:31
Львівська,2022-04-03 05:15:00,2022-04-03 05:36:07
Чернігівська,2022-04-03 05:26:00,2022-04-03 05:39:02
Хмельницька,2022-04-03 05:27:00,2022-04-03 06:58:19
Херсонська,2022-04-03 05:44:00,2022-04-03 06:45:21
Луганська,2022-04-03 06:04:00,2022-04-03 06:32:48
Донецька,2022-04-03 06:13:00,2022-04-03 06:29:22
Луганська,2022-04-03 06:20:00,2022-04-03 08:12:50
Івано-Франківська,2022-04-03 06:56:00,2022-04-03 08:07:18
Сумська,2022-04-03 07:14:00,2022-04-03 07:47:02
Черкаська,2022-04-03 07:46:00,2022-04-03 08:20:33
Миколаївська,2022-04-03 08:31:00,2022-04-03 08:53:26
Чернігівська,2022-04-03 10:08:00,2022-04-03 10:30:56
Рівненська,2022-04-03 10:45:00,2022-04-03 11:24:05
Харківська,2022-04-03 11:59:00,2022-04-03 12:08:36
Житомирська,2022-04-03 13:44:00,2022-04-03 14:00:57
Донецька,2022-04-03 14:44:00,2022-04-03 17:40:42
Херсонська,2022-04-03 16:19:00,2022-04-03 17:49:58
Житомирська,2022-04-03 16:36:00,2022-04-03 17:19:43
Хмельницька,2022-04-03 16:46:00,2022-04-03 17:28:44
Львівська,2022-04-03 17:22:00,2022-04-03 18:32:28
Хмельницька,2022-04-03 19:13:00,2022-04-03 19:34:45
Херсонська,2022-04-03 20:00:00,2022-04-03 20:12:41
Сумська,2022-04-03 21:48:00,2022-04-03 22:37:19
Рівненська,2022-04-03 21:49:00,2022-04-03 22:33:40
Полтавська,2022-04-03 22:24:00,2022-04-03 23:28:14
Сумська,2022-04-03 22:42:00,2022-04-03 23:14:23
Донецька,2022-04-03 23:49:00,2022-04-03 23:58:17
Херсонська,2022-04-04 01:06:00,2022-04-04 02:25:44
Херсонська,2022-04-04 01:38:00,2022-04-04 02:56:22
Херсонська,2022-04-04 02:02:00,2022-04-04 03:11:05
Херсонська,2022-04-04 02:08:00,2022-04-04 02:46:32
Одеська,2022-04-04 04:00:00,2022-04-04 04:39:13
Херсонська,2022-04-04 04:01:00,2022-04-04 04:49:31
Хмельницька,2022-04-04 05:06:00,2022-04-04 06:07:00
Луганська,2022-04-04 05:24:00,2022-04-04 05:47:19
Вінницька,2022-04-04 06:17:00,2022-04-04 06:57:14
Тернопільська,2022-04-04 06:27:00,2022-04-04 06:36:39
Тернопільська,2022-04-04 07:24:00,2022-04-04 08:11:40
Житомирська,2022-04-04 07:28:00,2022-04-04 09:09:04
Харківська,2022-04-04 07:34:00,2022-04-04 08:03:43
Житомирська,2022-04-04 07:40:00,2022-04-04 09:08:28
Житомирська,2022-04-04 08:15:00,2022-04-04 08:59:57
Луганська,2022-04-04 09:03:00,2022-04-04 09:22:29
Дніпропетровська,2022-04-04 09:25:00,2022-04-04 10:15:16
Миколаївська,2022-04-04 10:01:00,2022-04-04 10:18:42
Хмельницька,2022-04-04 11:10:00,2022-04-04 11:25:12
Сумська,2022-04-04 11:17:00,2022-04-04 11:50:31
Харківська,2022-04-04 11:20:00,2022-04-04 12:08:19
Львівська,2022-04-04 11:51:00,2022-04-04 12:54:18
Донецька,2022-04-04 12:23:00,2022-04-04 12:41:18
Харківська,2022-04-04 13:52:00,2022-04-04 14:42:57
Донецька,2022-04-04 14:09:00,2022-04-04 14:59:23
Харківська,2022-04-04 14:30:00,2022-04-04 14:51:46
Донецька,2022-04-04 14:38:00,2022-04-04 15:37:07
Житомирська,2022-04-04 15:11:00,2022-04-04 15:36:03
Луганська,2022-04-04 17:33:00,2022-04-04 17:54:26
Івано-Франківська,2022-04-04 17:47:00,2022-04-04 18:35:32
Вінницька,2022-04-04 17:50:00,2022-04-04 18:53:51
Дніпропетровська,2022-04-04 18:08:00,2022-04-04 18:56:45
Донецька,2022-04-04 18:33:00,2022-04-04 18:48:29
Хмельницька,2022-04-04 18:59:00,2022-04-04 21:42:28
Сумська,2022-04-04 19:08:00,2022-04-04 19:41:15
Херсонська,2022-04-04 19:27:00,2022-04-04 20:10:29
Харківська,2022-04-04 20:22:00,2022-04-04 20:55:38
Хмельницька,2022-04-04 20:29:00,2022-04-04 21:00:29
Чернівецька,2022-04-04 22:35:00,2022-04-04 23:20:14
Чернігівська,2022-04-05 00:22:00,2022-04-05 00:52:22
Сумська,2022-04-05 00:35:00,2022-04-05 01:46:59
Харківська,2022-04-05 00:36:00,2022-04-05 01:32:12
Запорізька,2022-04-05 00:53:00,2022-04-05 01:16:42
Івано-Франківська,2022-04-05 02:36:00,2022-04-05 03:06:26
Полтавська,2022-04-05 03:58:00,2022-04-05 04:58:11
Полтавська,2022-04-05 05:01:00,2022-04-05 06:25:32
Кіровоградська,2022-04-05 05:29:00,2022-04-05 05:55:16
Харківська,2022-04-05 06:29:00,2022-04-05 07:32:01
Одеська,2022-04-05 06:33:00,2022-04-05 06:51:22
Харківська,2022-04-05 06:55:00,2022-04-05 07:11:57
Кіровоградська,2022-04-05 08:54:00,2022-04-05 09:59:49
Луганська,2022-04-05 11:04:00,2022-04-05 11:26:25
Луганська,2022-04-05 11:33:00,2022-04-05 12:51:41
Миколаївська,2022-04-05 12:01:00,2022-04-05 12:41:37
Київська,2022-04-05 12:26:00,2022-04-05 12:53:45
Луганська,2022-04-05 12:55:00,2022-04-05 13:15:38
Луганська,2022-04-05 15:43:00,2022-04-05 16:01:01
Кіровоградська,2022-04-05 16:09:00,2022-04-05 16:32:25
Луганська,2022-04-05 18:07:00,2022-04-05 18:49:49
Чернігівська,2022-04-05 18:31:00,2022-04-05 19:33:23
Кіровоградська,2022-04-05 18:45:00,2022-04-05 18:52:58
Київська,2022-04-05 19:30:00,2022-04-05 20:09:47
Запорізька,2022-04-05 20:22:00,2022-04-05 20:51:49
Кіровоградська,2022-04-05 20:47:00,2022-04-05 21:00:38
Дніпропетровська,2022-04-05 20:51:00,2022-04-05 21:23:43
Львівська,2022-04-05 21:10:00,2022-04-05 21:48:31
Чернівецька,2022-04-05 22:05:00,2022-04-05 22:40:49
Івано-Франківська,2022-04-05 22:18:00,2022-04-05 23:05:45
Луганська,2022-04-06 00:28:00,2022-04-06 01:15:40
Житомирська,2022-04-06 01:07:00,2022-04-06 02:46:23
Донецька,2022-04-06 01:40:00,2022-04-06 03:49:03
Кіровоградська,2022-04-06 02:36:00,2022-04-06 03:07:51
Донецька,2022-04-06 03:25:00,2022-04-06 03:52:22
Вінницька,2022-04-06 03:32:00,2022-04-06 04:39:56
Херсонська,2022-04-06 04:05:00,2022-04-06 05:18:19
Донецька,2022-04-06 04:06:00,2022-04-06 04:58:02
Кіровоградська,2022-04-06 04:13:00,2022-04-06 06:10:10
Одеська,2022-04-06 05:07:00,2022-04-06 05:34:05
Донецька,2022-04-06 05:11:00,2022-04-06 05:32:26
Одеська,2022-04-06 05:23:00,2022-04-06 06:23:57
Чернігівська,2022-04-06 05:30:00,2022-04-06 05:55:48
Миколаївська,2022-04-06 06:28:00,2022-04-06 06:44:02
Закарпатська,2022-04-06 06:31:00,2022-04-06 07:09:20
Полтавська,2022-04-06 07:03:00,2022-04-06 07:15:12
Рівненська,2022-04-06 07:39:00,2022-04-06 08:10:22
Сумська,2022-04-06 07:40:00,2022-04-06 08:54:06
Полтавська,2022-04-06 07:49:00,2022-04-06 09:00:00
Дніпропетровська,2022-04-06 07:58:00,2022-04-06 08:28:43
Кіровоградська,2022-04-06 08:22:00,2022-04-06 08:56:26
Запорізька,2022-04-06 11:03:00,2022-04-06 11:43:46
Одеська,2022-04-06 13:46:00,2022-04-06 14:41:48
Донецька,2022-04-06 14:27:00,2022-04-06 14:50:11
Чернівецька,2022-04-06 16:33:00,2022-04-06 16:48:55
Сумська,2022-04-06 17:10:00,2022-04-06 18:38:28
Дніпропетровська,2022-04-06 19:28:00,2022-04-06 21:07:34
Луганська,2022-04-06 19:32:00,2022-04-06 20:05:16
Чернігівська,2022-04-06 20:54:00,2022-04-06 22:00:55
Вінницька,2022-04-06 21:31:00,2022-04-06 22:10:43
Полтавська,2022-04-06 21:44:00,2022-04-06 21:53:52
Вінницька,2022-04-06 23:16:00,2022-04-06 23:43:10
Запорізька,2022-04-06 23:24:00,2022-04-07 00:30:24
Кіровоградська,2022-04-06 23:50:00,2022-04-07 00:07:37
Херсонська,2022-04-07 00:57:00,2022-04-07 01:35:53
Харківська,2022-04-07 01:02:00,2022-04-07 01:23:44
Харківська,2022-04-07 01:44:00,2022-04-07 02:15:22
Волинська,2022-04-07 02:40:00,2022-04-07 04:07:32
Чернігівська,2022-04-07 03:08:00,2022-04-07 03:59:31
Чернігівська,2022-04-07 03:44:00,2022-04-07 04:13:29
Дніпропетровська,2022-04-07 04:04:00,2022-04-07 04:54:18
Херсонська,2022-04-07 04:38:00,2022-04-07 05:47:17
Одеська,2022-04-07 04:54:00,2022-04-07 05:28:30
Черкаська,2022-04-07 05:14:00,2022-04-07 06:12:16
Львівська,2022-04-07 05:44:00,2022-04-07 06:18:42
Херсонська,2022-04-07 05:54:00,2022-04-07 06:57:26
Донецька,2022-04-07 05:55:00,2022-04-07 06:25:09
Херсонська,2022-04-07 06:39:00,2022-04-07 08:39:09
Житомирська,2022-04-07 06:43:00,2022-04-07 06:54:18
Луганська,2022-04-07 06:44:00,2022-04-07 07:17:41
Харківська,2022-04-07 06:49:00,2022-04-07 07:04:00
Херсонська,2022-04-07 06:54:00,2022-04-07 09:07:52
Луганська,2022-04-07 08:17:00,2022-04-07 08:29:46
Херсонська,2022-04-07 08:27:00,2022-04-07 10:35:16
Харківська,2022-04-07 09:38:00,2022-04-07 10:24:35
Чернівецька,2022-04-07 11:39:00,2022-04-07 12:26:15
Харківська,2022-04-07 11:52:00,2022-04-07 12:38:45
Чернігівська,2022-04-07 12:48:00,2022-04-07 14:08:34
Житомирська,2022-04-07 16:18:00,2022-04-07 17:03:05
Сумська,2022-04-07 16:23:00,2022-04-07 16:53:03
Харківська,2022-04-07 17:45:00,2022-04-07 18:37:52
Полтавська,2022-04-07 18:48:00,2022-04-07 19:39:12
Харківська,2022-04-07 19:05:00,2022-04-07 20:00:57
Чернігівська,2022-04-07 19:27:00,2022-04-07 20:12:09
Харківська,2022-04-07 19:38:00,2022-04-07 20:05:45
Полтавська,2022-04-07 19:52:00,2022-04-07 20:56:28
Харківська,2022-04-07 20:14:00,2022-04-07 20:28:42
Полтавська,2022-04-07 20:59:00,2022-04-07 21:23:20
Сумська,2022-04-07 21:08:00,2022-04-07 21:36:30
Донецька,2022-04-07 21:36:00,2022-04-07 22:02:21
Луганська,2022-04-07 21:45:00,2022-04-07 22:25:26
Одеська,2022-04-07 22:18:00,2022-04-07 22:54:43
Харківська,2022-04-07 23:33:00,2022-04-07 23:52:25
Полтавська,2022-04-07 23:51:00,2022-04-08 00:03:16
Харківська,2022-04-07 23:59:00,2022-04-08 00:54:06
Харківська,2022-04-08 00:30:00,2022-04-08 00:59:22
Сумська,2022-04-08 00:39:00,2022-04-08 02:58:21
Харківська,2022-04-08 00:57:00,2022-04-08 01:24:53
Волинська,2022-04-08 01:18:00,2022-04-08 02:42:53
Херсонська,2022-04-08 02:39:00,2022-04-08 03:29:47
Тернопільська,2022-04-08 04:00:00,2022-04-08 06:24:09
Вінницька,2022-04-08 04:06:00,2022-04-08 04:36:14
Дніпропетровська,2022-04-08 04:20:00,2022-04-08 06:25:44
Івано-Франківська,2022-04-08 04:29:00,2022-04-08 05:37:40
Луганська,2022-04-08 04:51:00,2022-04-08 05:50:32
Волинська,2022-04-08 05:27:00,2022-04-08 06:11:11
Луганська,2022-04-08 05:38:00,2022-04-08 06:38:15
Чернігівська,2022-04-08 05:39:00,2022-04-08 06:01:38
Київська,2022-04-08 05:49:00,2022-04-08 06:21:24
Одеська,2022-04-08 06:24:00,2022-04-08 06:48:35
Херсонська,2022-04-08 06:32:00,2022-04-08 07:52:26
Запорізька,2022-04-08 06:41:00,2022-04-08 07:21:43
Чернігівська,2022-04-08 06:52:00,2022-04-08 07:26:41
Чернігівська,2022-04-08 07:16:00,2022-04-08 07:41:24
Запорізька,2022-04-08 07:18:00,2022-04-08 08:13:08
Івано-Франківська,2022-04-08 08:09:00,2022-04-08 09:05:26
Житомирська,2022-04-08 09:41:00,2022-04-08 10:27:15
Київська,2022-04-08 10:58:00,2022-04-08 11:25:02
Запорізька,2022-04-08 12:09:00,2022-04-08 13:01:01
Одеська,2022-04-08 12:20:00,2022-04-08 12:33:33
Чернігівська,2022-04-08 13:23:00,2022-04-08 14:09:34
Волинська,2022-04-08 13:54:00,2022-04-08 14:25:41
Дніпропетровська,2022-04-08 14:03:00,2022-04-08 14:42:09
Донецька,2022-04-08 15:24:00,2022-04-08 16:53:33
Харківська,2022-04-08 15:42:00,2022-04-08 16:13:03
Луганська,2022-04-08 16:43:00,2022-04-08 17:47:10
Київська,2022-04-08 16:53:00,2022-04-08 17:23:34
Волинська,2022-04-08 16:56:00,2022-04-08 17:14:04
Полтавська,2022-04-08 19:06:00,2022-04-08 19:50:45
Херсонська,2022-04-08 19:30:00,2022-04-08 20:54:21
Вінницька,2022-04-08 19:37:00,2022-04-08 20:06:25
Запорізька,2022-04-08 21:12:00,2022-04-08 21:56:46
Полтавська,2022-04-08 21:37:00,2022-04-08 22:23:49
Сумська,2022-04-08 22:54:00,2022-04-09 00:06:38
Миколаївська,2022-04-08 23:32:00,2022-04-09 01:40:20
Луганська,2022-04-08 23:34:00,2022-04-09 00:28:04
Луганська,2022-04-09 00:58:00,2022-04-09 01:25:31
Запорізька,2022-04-09 01:20:00,2022-04-09 02:27:06
Дніпропетровська,2022-04-09 01:30:00,2022-04-09 01:50:24
Рівненська,2022-04-09 01:43:00,2022-04-09 02:18:38
Луганська,2022-04-09 03:20:00,2022-04-09 04:28:32
Київська,2022-04-09 03:24:00,2022-04-09 03:42:51
Херсонська,2022-04-09 03:37:00,2022-04-09 03:54:13
Харківська,2022-04-09 04:16:00,2022-04-09 05:13:16
Чернівецька,2022-04-09 04:48:00,2022-04-09 05:39:37
Миколаївська,2022-04-09 04:52:00,2022-04-09 05:46:22
Чернігівська,2022-04-09 05:02:00,2022-04-09 05:11:58
Чернівецька,2022-04-09 05:48:00,2022-04-09 06:21:29
Сумська,2022-04-09 05:56:00,2022-04-09 06:39:56
Донецька,2022-04-09 06:07:00,2022-04-09 06:35:37
Харківська,2022-04-09 07:26:00,2022-04-09 08:27:31
Миколаївська,2022-04-09 07:37:00,2022-04-09 08:33:24
Одеська,2022-04-09 07:54:00,2022-04-09 08:17:30
Харківська,2022-04-09 08:06:00,2022-04-09 08:42:05
Тернопільська,2022-04-09 08:23:00,2022-04-09 08:58:08
Харківська,2022-04-09 08:32:00,2022-04-09 09:30:30
Донецька,2022-04-09 11:17:00,2022-04-09 11:59:36
Чернігівська,2022-04-09 12:42:00,2022-04-09 14:44:45
Луганська,2022-04-09 13:04:00,2022-04-09 13:46:38
Чернівецька,2022-04-09 13:22:00,2022-04-09 13:54:19
Чернігівська,2022-04-09 13:55:00,2022-04-09 14:12:38
Сумська,2022-04-09 13:56:00,2022-04-09 14:55:39
Запорізька,2022-04-09 14:44:00,2022-04-09 15:20:05
Донецька,2022-04-09 14:54:00,2022-04-09 15:23:05
Луганська,2022-04-09 16:33:00,2022-04-09 17:07:37
Сумська,2022-04-09 17:14:00,2022-04-09 17:50:42
Луганська,2022-04-09 18:26:00,2022-04-09 18:46:40
Запорізька,2022-04-09 18:36:00,2022-04-09 22:08:49
Полтавська,2022-04-09 18:44:00,2022-04-09 19:20:10
Луганська,2022-04-09 18:48:00,2022-04-09 19:16:26
Дніпропетровська,2022-04-09 19:15:00,2022-04-09 21:28:33
Луганська,2022-04-09 20:59:00,2022-04-09 21:10:54
Рівненська,2022-04-09 22:02:00,2022-04-09 23:48:13
Чернівецька,2022-04-09 22:46:00,2022-04-09 23:48:28
Харківська,2022-04-09 23:08:00,2022-04-09 23:26:52
Харківська,2022-04-09 23:43:00,2022-04-10 00:27:50
Донецька,2022-04-09 23:48:00,2022-04-10 00:07:52
